MentorshipID,MentorAlumniID,MenteeAlumniID,MentorshipArea,StartDate,EndDate,Status,FrequencyPerMonth,LastInteractionDate,SatisfactionRating
MEN000001,ALM02756,ALM02794,Entrepreneurship,2025-04-06,2025-01-27,Active,4,2025-09-21,3.0
MEN000002,ALM00162,ALM02937,Professional Development,2025-03-08,,Active,2,2025-08-15,2.0
MEN000003,ALM03135,ALM01323,Academic Guidance,2024-09-13,,Active,4,2025-10-09,3.0
MEN000004,ALM01010,ALM01343,Leadership,2024-05-11,2025-04-20,Completed,3,2025-08-23,2.0
MEN000005,ALM03199,ALM01914,Networking,2025-09-10,,Active,2,2025-10-24,3.0
MEN000006,ALM01582,ALM00735,Career Development,2025-04-04,,Active,3,2025-09-02,2.0
MEN000007,ALM00529,ALM01474,Leadership,2024-11-17,,Completed,1,2025-09-20,5.0
MEN000008,ALM01474,ALM00282,Professional Development,2024-10-05,2025-01-29,Active,1,2025-08-13,1.0
MEN000009,ALM00985,ALM01904,Career Development,2025-05-17,2024-12-10,Completed,2,2025-10-29,
MEN000010,ALM03050,ALM00672,Leadership,2025-10-16,,Requested,4,2025-10-19,
MEN000011,ALM02197,ALM01591,Technical Skills,2025-04-15,,Completed,4,2025-10-05,
MEN000012,ALM03116,ALM02420,Entrepreneurship,2025-02-20,,Completed,2,2025-10-02,
MEN000013,ALM00602,ALM01729,Professional Development,2025-08-24,,Active,2,2025-08-27,4.0
MEN000014,ALM02461,ALM02673,Academic Guidance,2024-09-29,2025-09-29,Completed,4,2025-08-31,4.0
MEN000015,ALM01169,ALM01527,Academic Guidance,2025-09-17,,Active,4,2025-10-10,1.0
MEN000016,ALM02522,ALM01019,Career Development,2025-05-03,,Active,3,2025-10-24,5.0
MEN000017,ALM02651,ALM00065,Professional Development,2024-07-05,,Active,4,2025-09-17,3.0
MEN000018,ALM00488,ALM02159,Career Development,2025-02-25,2025-02-09,On Hold,2,2025-10-17,5.0
MEN000019,ALM03009,ALM00179,Leadership,2025-08-25,2025-07-20,Active,4,2025-08-21,3.0
MEN000020,ALM02337,ALM01850,Leadership,2024-05-13,,Completed,3,2025-09-02,2.0
MEN000021,ALM00906,ALM01120,Networking,2024-10-18,,Requested,1,2025-09-28,5.0
MEN000022,ALM00395,ALM01357,Academic Guidance,2025-01-22,,Active,4,2025-09-22,4.0
MEN000023,ALM03263,ALM02928,Career Development,2025-07-12,,Completed,3,2025-10-07,3.0
MEN000024,ALM02176,ALM02977,Professional Development,2025-10-12,,Active,1,2025-09-01,1.0
MEN000025,ALM02623,ALM03078,Academic Guidance,2024-05-29,,Completed,3,2025-08-04,2.0
MEN000026,ALM00342,ALM03110,Professional Development,2025-03-24,,Active,2,2025-11-01,
MEN000027,ALM02287,ALM00782,Professional Development,2024-06-02,,Active,3,2025-08-28,2.0
MEN000028,ALM00350,ALM00841,Technical Skills,2025-07-26,,Active,1,2025-09-22,5.0
MEN000029,ALM03409,ALM03473,Networking,2024-09-18,,Completed,3,2025-09-22,
MEN000030,ALM02590,ALM00129,Leadership,2025-01-20,,Active,4,2025-09-20,5.0
MEN000031,ALM01856,ALM02681,Career Development,2025-10-05,,Active,2,2025-09-03,
MEN000032,ALM02394,ALM00912,Leadership,2025-08-08,2025-09-19,Active,1,2025-08-19,3.0
MEN000033,ALM02369,ALM00915,Professional Development,2025-10-24,2025-03-18,Completed,3,2025-08-28,5.0
MEN000034,ALM01950,ALM01553,Leadership,2025-07-13,,Completed,4,2025-08-31,3.0
MEN000035,ALM02001,ALM02410,Professional Development,2024-05-26,,On Hold,3,2025-09-16,3.0
MEN000036,ALM01167,ALM01511,Entrepreneurship,2025-05-04,,Completed,4,2025-09-23,2.0
MEN000037,ALM01379,ALM00334,Leadership,2025-10-31,,Completed,4,2025-08-11,
MEN000038,ALM01509,ALM02642,Networking,2025-10-24,2025-03-07,Active,4,2025-08-22,3.0
MEN000039,ALM00808,ALM00027,Entrepreneurship,2025-01-14,2025-06-02,Requested,1,2025-09-03,1.0
MEN000040,ALM03404,ALM00022,Leadership,2025-04-18,2025-05-15,Completed,1,2025-09-16,3.0
MEN000041,ALM00120,ALM00503,Entrepreneurship,2024-12-28,2025-07-31,Active,3,2025-11-01,5.0
MEN000042,ALM03103,ALM00276,Career Development,2025-08-22,,Active,4,2025-08-10,3.0
MEN000043,ALM03136,ALM00925,Entrepreneurship,2025-03-27,2025-07-28,Active,4,2025-09-24,3.0
MEN000044,ALM01197,ALM02497,Career Development,2025-05-18,2025-04-24,Active,4,2025-10-21,3.0
MEN000045,ALM01890,ALM00907,Entrepreneurship,2024-12-08,2024-12-16,On Hold,2,2025-08-14,4.0
MEN000046,ALM01148,ALM03138,Leadership,2025-07-07,,Active,3,2025-08-14,4.0
MEN000047,ALM01803,ALM02727,Leadership,2025-08-02,2025-09-28,Active,1,2025-08-08,4.0
MEN000048,ALM00596,ALM01012,Career Development,2024-07-04,,On Hold,3,2025-09-08,2.0
MEN000049,ALM00310,ALM01499,Networking,2025-07-15,,Completed,1,2025-10-07,2.0
MEN000050,ALM03497,ALM02510,Professional Development,2024-07-05,,Active,3,2025-08-18,
MEN000051,ALM02518,ALM01854,Technical Skills,2025-03-01,,Active,3,2025-08-12,5.0
MEN000052,ALM01823,ALM02912,Academic Guidance,2025-01-08,2025-09-22,Active,2,2025-08-07,1.0
MEN000053,ALM01353,ALM01318,Career Development,2024-08-09,,On Hold,4,2025-09-15,4.0
MEN000054,ALM00853,ALM02514,Technical Skills,2025-06-20,,Completed,3,2025-10-03,3.0
MEN000055,ALM02133,ALM01389,Professional Development,2025-05-08,2025-06-20,Active,1,2025-09-19,1.0
MEN000056,ALM02922,ALM02841,Networking,2024-05-29,,Completed,3,2025-10-26,1.0
MEN000057,ALM00734,ALM00288,Career Development,2025-04-24,,Completed,3,2025-08-12,
MEN000058,ALM00302,ALM01021,Academic Guidance,2025-10-31,,Completed,4,2025-11-01,
MEN000059,ALM03450,ALM01340,Technical Skills,2025-09-12,2024-12-09,Active,4,2025-08-15,
MEN000060,ALM01486,ALM01708,Academic Guidance,2025-08-15,,On Hold,3,2025-10-20,1.0
MEN000061,ALM00319,ALM02361,Technical Skills,2025-01-04,2025-08-24,Completed,4,2025-10-20,
MEN000062,ALM01301,ALM00853,Career Development,2024-07-29,,Active,1,2025-09-19,1.0
MEN000063,ALM01286,ALM00577,Professional Development,2025-01-04,2025-09-10,Requested,3,2025-08-16,5.0
MEN000064,ALM00186,ALM02225,Academic Guidance,2025-08-02,2025-01-23,Active,2,2025-08-28,
MEN000065,ALM01218,ALM01404,Academic Guidance,2024-10-18,,Active,1,2025-10-18,1.0
MEN000066,ALM03435,ALM01162,Networking,2024-10-03,,Requested,2,2025-10-05,1.0
MEN000067,ALM02555,ALM02986,Technical Skills,2024-09-22,2025-01-29,Requested,1,2025-09-21,
MEN000068,ALM03264,ALM01777,Career Development,2025-09-09,2024-11-13,Completed,2,2025-09-30,4.0
MEN000069,ALM01643,ALM02976,Entrepreneurship,2025-04-16,,Active,4,2025-10-29,
MEN000070,ALM02193,ALM00261,Academic Guidance,2025-05-15,,Completed,3,2025-08-30,
MEN000071,ALM01725,ALM02939,Leadership,2025-07-09,,Active,1,2025-09-06,2.0
MEN000072,ALM01751,ALM01215,Career Development,2025-05-26,,Active,2,2025-10-31,1.0
MEN000073,ALM01577,ALM00955,Career Development,2024-11-30,2024-12-28,On Hold,1,2025-09-03,
MEN000074,ALM00533,ALM02252,Networking,2025-09-05,2025-01-26,Active,4,2025-10-04,5.0
MEN000075,ALM03489,ALM02060,Professional Development,2025-09-08,2025-10-26,Completed,3,2025-08-07,2.0
MEN000076,ALM02092,ALM02742,Networking,2024-08-09,2025-05-01,Active,2,2025-10-07,
MEN000077,ALM01018,ALM00298,Career Development,2024-07-04,,Active,2,2025-08-26,
MEN000078,ALM02186,ALM00766,Networking,2025-09-09,,Active,2,2025-10-30,5.0
MEN000079,ALM03378,ALM00181,Entrepreneurship,2024-11-17,,Completed,1,2025-11-01,4.0
MEN000080,ALM00779,ALM02307,Networking,2025-10-17,,Active,3,2025-10-22,3.0
MEN000081,ALM01755,ALM01703,Professional Development,2025-04-25,2025-03-23,Active,2,2025-10-25,
MEN000082,ALM02648,ALM00777,Leadership,2024-12-02,,Active,2,2025-09-11,5.0
MEN000083,ALM01945,ALM00196,Networking,2025-04-15,,Active,4,2025-10-24,
MEN000084,ALM01166,ALM01303,Professional Development,2024-11-06,,Active,1,2025-10-31,4.0
MEN000085,ALM03221,ALM00414,Networking,2025-10-19,,Active,3,2025-09-26,4.0
MEN000086,ALM00191,ALM00456,Entrepreneurship,2025-06-25,,Active,3,2025-09-09,3.0
MEN000087,ALM02582,ALM02613,Professional Development,2024-11-05,,Active,2,2025-10-18,3.0
MEN000088,ALM02810,ALM01153,Entrepreneurship,2024-06-12,,Completed,1,2025-09-04,2.0
MEN000089,ALM01885,ALM03019,Technical Skills,2024-10-16,,On Hold,3,2025-10-12,2.0
MEN000090,ALM00276,ALM01515,Technical Skills,2025-10-08,2025-01-08,Completed,1,2025-08-16,
MEN000091,ALM02518,ALM02330,Leadership,2025-03-21,2025-08-28,Active,3,2025-10-16,2.0
MEN000092,ALM00707,ALM03221,Networking,2025-10-12,,Completed,4,2025-08-29,3.0
MEN000093,ALM00805,ALM02559,Entrepreneurship,2024-07-07,2024-12-23,Active,3,2025-10-26,
MEN000094,ALM02575,ALM03020,Entrepreneurship,2024-08-18,,Active,3,2025-08-29,
MEN000095,ALM00828,ALM02025,Academic Guidance,2025-09-13,,On Hold,3,2025-08-30,2.0
MEN000096,ALM00849,ALM02265,Professional Development,2025-03-06,,On Hold,1,2025-08-21,
MEN000097,ALM02443,ALM01993,Career Development,2024-07-26,,Requested,4,2025-09-25,1.0
MEN000098,ALM01952,ALM02024,Networking,2025-09-12,,Active,1,2025-09-10,4.0
MEN000099,ALM01483,ALM02961,Technical Skills,2024-09-12,,Completed,1,2025-09-13,
MEN000100,ALM01245,ALM03255,Leadership,2024-07-23,2025-08-16,Active,3,2025-11-01,3.0
MEN000101,ALM03385,ALM00258,Technical Skills,2024-10-11,2025-10-10,Completed,3,2025-10-29,
MEN000102,ALM01115,ALM00908,Entrepreneurship,2025-02-03,,On Hold,2,2025-08-09,4.0
MEN000103,ALM02720,ALM00501,Networking,2025-08-08,2025-01-24,Active,3,2025-08-19,3.0
MEN000104,ALM02384,ALM00162,Entrepreneurship,2025-08-13,2024-11-22,Completed,2,2025-08-26,
MEN000105,ALM01954,ALM02603,Entrepreneurship,2024-05-17,,Completed,2,2025-10-11,
MEN000106,ALM02400,ALM03312,Technical Skills,2025-10-13,2025-03-20,Active,2,2025-11-01,
MEN000107,ALM00070,ALM03351,Networking,2024-12-27,2025-09-12,Completed,3,2025-08-18,2.0
MEN000108,ALM02845,ALM02923,Academic Guidance,2025-05-30,2024-11-11,On Hold,2,2025-10-09,2.0
MEN000109,ALM02780,ALM00099,Technical Skills,2025-10-06,,Active,3,2025-08-08,
MEN000110,ALM02183,ALM03121,Career Development,2025-01-05,2025-02-21,Active,1,2025-08-27,4.0
MEN000111,ALM00599,ALM01221,Technical Skills,2024-05-23,,Completed,1,2025-09-07,
MEN000112,ALM02777,ALM02006,Academic Guidance,2025-06-28,,Active,3,2025-09-16,2.0
MEN000113,ALM02436,ALM03375,Networking,2024-12-02,,Active,4,2025-08-13,5.0
MEN000114,ALM02302,ALM00935,Academic Guidance,2025-03-08,,On Hold,4,2025-10-04,
MEN000115,ALM03154,ALM00679,Academic Guidance,2024-07-03,,Active,2,2025-09-17,2.0
MEN000116,ALM00640,ALM01724,Entrepreneurship,2025-03-25,2025-08-09,On Hold,2,2025-09-05,3.0
MEN000117,ALM00684,ALM00361,Career Development,2025-02-20,,Completed,3,2025-11-01,3.0
MEN000118,ALM01353,ALM01630,Technical Skills,2024-06-30,2025-03-27,Completed,2,2025-09-26,4.0
MEN000119,ALM02264,ALM03416,Leadership,2024-07-30,2025-07-07,Active,3,2025-09-04,2.0
MEN000120,ALM03017,ALM03421,Career Development,2025-07-07,,Requested,1,2025-10-13,1.0
MEN000121,ALM02534,ALM00850,Technical Skills,2024-09-01,2025-09-23,Requested,4,2025-09-28,2.0
MEN000122,ALM02083,ALM01217,Professional Development,2024-08-23,,Active,2,2025-10-28,2.0
MEN000123,ALM03116,ALM00789,Professional Development,2024-12-02,,On Hold,2,2025-10-31,
MEN000124,ALM02888,ALM00752,Entrepreneurship,2025-03-26,,Active,2,2025-08-07,1.0
MEN000125,ALM02999,ALM01424,Professional Development,2024-08-31,,Active,2,2025-09-11,3.0
MEN000126,ALM01656,ALM00054,Technical Skills,2025-07-30,2025-02-14,Active,4,2025-10-26,
MEN000127,ALM01826,ALM00093,Leadership,2025-06-13,,Active,2,2025-08-22,
MEN000128,ALM01999,ALM00458,Technical Skills,2024-08-18,,Active,2,2025-10-15,5.0
MEN000129,ALM01055,ALM00152,Academic Guidance,2025-05-23,2025-07-13,Requested,1,2025-10-18,2.0
MEN000130,ALM01146,ALM01776,Academic Guidance,2025-06-01,,Active,1,2025-09-26,5.0
MEN000131,ALM00515,ALM03343,Academic Guidance,2025-08-28,2024-11-07,Completed,4,2025-09-30,2.0
MEN000132,ALM00976,ALM00277,Networking,2025-01-17,2025-09-27,Active,1,2025-08-20,3.0
MEN000133,ALM03139,ALM01199,Academic Guidance,2025-04-27,,Active,3,2025-09-30,
MEN000134,ALM00890,ALM03223,Career Development,2025-06-19,,Active,3,2025-09-02,1.0
MEN000135,ALM01238,ALM02022,Leadership,2024-06-20,,Active,1,2025-09-26,2.0
MEN000136,ALM01562,ALM00489,Leadership,2024-10-25,,On Hold,4,2025-10-30,1.0
MEN000137,ALM02430,ALM00351,Career Development,2024-06-28,2025-04-22,Active,3,2025-09-10,4.0
MEN000138,ALM02078,ALM03347,Academic Guidance,2024-09-08,2025-06-28,Active,3,2025-08-23,3.0
MEN000139,ALM02638,ALM02400,Academic Guidance,2025-02-19,2025-08-09,Completed,3,2025-09-14,5.0
MEN000140,ALM01091,ALM01711,Academic Guidance,2025-06-28,2025-04-23,Requested,4,2025-10-23,
MEN000141,ALM00926,ALM01044,Career Development,2024-11-18,,Requested,2,2025-09-16,
MEN000142,ALM02852,ALM01705,Leadership,2025-06-03,,On Hold,2,2025-08-12,2.0
MEN000143,ALM01722,ALM01965,Entrepreneurship,2025-08-29,,Active,3,2025-09-21,5.0
MEN000144,ALM02472,ALM03276,Leadership,2025-06-19,,Active,2,2025-09-03,
MEN000145,ALM01573,ALM03288,Professional Development,2025-02-15,,Requested,4,2025-09-13,1.0
MEN000146,ALM02620,ALM03500,Technical Skills,2025-10-30,2025-06-30,On Hold,1,2025-09-28,5.0
MEN000147,ALM02541,ALM02669,Professional Development,2025-03-13,,Active,1,2025-09-10,1.0
MEN000148,ALM00302,ALM01994,Technical Skills,2025-04-23,2025-07-12,Completed,2,2025-08-05,3.0
MEN000149,ALM01189,ALM01357,Professional Development,2024-07-06,,Completed,2,2025-09-06,
MEN000150,ALM00006,ALM00616,Leadership,2024-12-16,2025-03-29,Active,3,2025-08-29,3.0
MEN000151,ALM01336,ALM01490,Technical Skills,2024-06-02,2025-05-22,On Hold,2,2025-09-23,2.0
MEN000152,ALM01048,ALM03451,Networking,2025-10-11,2025-07-30,Active,3,2025-10-24,4.0
MEN000153,ALM02668,ALM02381,Technical Skills,2025-04-25,2025-10-19,On Hold,1,2025-08-19,1.0
MEN000154,ALM00266,ALM00619,Entrepreneurship,2024-12-18,,Active,1,2025-08-29,3.0
MEN000155,ALM02460,ALM03443,Academic Guidance,2024-10-28,2025-07-05,Active,1,2025-09-05,1.0
MEN000156,ALM00368,ALM02622,Academic Guidance,2025-10-24,,Active,1,2025-08-28,4.0
MEN000157,ALM00946,ALM02882,Career Development,2024-11-20,,Completed,2,2025-09-06,
MEN000158,ALM02705,ALM01264,Networking,2025-10-11,,Active,4,2025-09-22,
MEN000159,ALM01213,ALM02541,Networking,2025-09-11,,Active,4,2025-10-18,1.0
MEN000160,ALM03136,ALM02445,Academic Guidance,2024-10-16,2024-12-01,Completed,3,2025-10-24,1.0
MEN000161,ALM01290,ALM00532,Networking,2025-08-23,,Completed,2,2025-08-10,
MEN000162,ALM02091,ALM01920,Entrepreneurship,2024-08-24,,Completed,4,2025-10-28,
MEN000163,ALM02882,ALM02798,Career Development,2025-02-05,2025-10-18,Active,4,2025-08-07,
MEN000164,ALM00655,ALM01577,Career Development,2025-10-27,,Completed,2,2025-10-16,
MEN000165,ALM00177,ALM00877,Networking,2024-05-12,2025-07-22,On Hold,2,2025-09-05,5.0
MEN000166,ALM02790,ALM03095,Academic Guidance,2024-05-21,,Completed,3,2025-10-14,
MEN000167,ALM00970,ALM01307,Academic Guidance,2024-10-01,,Active,1,2025-09-17,5.0
MEN000168,ALM01305,ALM00082,Entrepreneurship,2025-06-02,2025-04-16,Active,4,2025-10-18,4.0
MEN000169,ALM03147,ALM00071,Academic Guidance,2024-11-17,2025-10-08,Completed,2,2025-10-02,1.0
MEN000170,ALM00122,ALM01637,Academic Guidance,2025-03-29,2025-07-11,Completed,4,2025-08-05,1.0
MEN000171,ALM00121,ALM03331,Entrepreneurship,2024-11-01,,Requested,2,2025-10-19,3.0
MEN000172,ALM02916,ALM01196,Professional Development,2024-08-26,,Active,3,2025-08-31,
MEN000173,ALM01425,ALM01338,Leadership,2025-08-27,,Completed,1,2025-08-15,
MEN000174,ALM00168,ALM00026,Leadership,2024-06-07,,Active,4,2025-09-23,5.0
MEN000175,ALM03058,ALM02517,Professional Development,2024-06-10,,Completed,2,2025-09-14,
MEN000176,ALM03359,ALM03272,Technical Skills,2025-06-18,,Active,3,2025-10-28,3.0
MEN000177,ALM00374,ALM02199,Entrepreneurship,2025-07-17,2024-12-13,On Hold,4,2025-11-01,4.0
MEN000178,ALM00723,ALM00978,Professional Development,2025-05-30,,Active,2,2025-09-25,
MEN000179,ALM01476,ALM01313,Entrepreneurship,2024-06-14,2025-07-19,On Hold,3,2025-09-12,3.0
MEN000180,ALM00522,ALM01582,Entrepreneurship,2025-01-17,,Completed,3,2025-09-08,5.0
MEN000181,ALM02166,ALM02563,Academic Guidance,2025-06-27,2025-09-23,Active,4,2025-08-21,4.0
MEN000182,ALM02057,ALM00062,Academic Guidance,2025-07-22,,Requested,4,2025-09-18,1.0
MEN000183,ALM02596,ALM02365,Networking,2025-03-04,2025-10-03,Active,3,2025-10-02,
MEN000184,ALM00086,ALM00431,Academic Guidance,2024-10-10,,On Hold,4,2025-10-05,1.0
MEN000185,ALM02284,ALM03009,Networking,2024-06-21,,Active,4,2025-10-13,
MEN000186,ALM02175,ALM01570,Professional Development,2025-01-09,2024-11-06,Active,1,2025-08-17,
MEN000187,ALM01666,ALM02871,Networking,2024-09-17,,Completed,3,2025-08-10,1.0
MEN000188,ALM01909,ALM03028,Professional Development,2024-09-10,,On Hold,2,2025-09-14,1.0
MEN000189,ALM01818,ALM00394,Academic Guidance,2025-10-19,,Active,4,2025-08-16,4.0
MEN000190,ALM01457,ALM02789,Leadership,2025-01-25,2025-08-01,Completed,4,2025-09-11,
MEN000191,ALM00932,ALM02492,Professional Development,2024-12-16,2025-04-19,Active,2,2025-09-10,5.0
MEN000192,ALM00100,ALM01917,Professional Development,2025-04-10,2025-03-15,Requested,2,2025-10-23,2.0
MEN000193,ALM02458,ALM01661,Career Development,2024-12-07,2025-04-22,Completed,1,2025-09-22,4.0
MEN000194,ALM02777,ALM01362,Career Development,2024-10-25,2025-03-14,Active,3,2025-09-11,3.0
MEN000195,ALM02862,ALM00128,Career Development,2024-05-27,,Completed,2,2025-10-07,1.0
MEN000196,ALM02649,ALM03339,Networking,2025-04-12,2025-01-21,Active,4,2025-08-31,5.0
MEN000197,ALM02441,ALM02726,Entrepreneurship,2025-01-28,2025-10-09,Completed,4,2025-09-19,3.0
MEN000198,ALM00724,ALM00688,Networking,2025-07-18,,Active,2,2025-10-05,2.0
MEN000199,ALM00783,ALM01336,Career Development,2024-12-03,2024-11-05,Completed,3,2025-09-22,2.0
MEN000200,ALM00062,ALM02410,Technical Skills,2025-06-14,2025-09-16,Requested,3,2025-10-29,
MEN000201,ALM00772,ALM02942,Professional Development,2024-09-19,,Active,1,2025-08-24,
MEN000202,ALM01538,ALM02212,Academic Guidance,2025-05-11,,On Hold,2,2025-09-19,4.0
MEN000203,ALM02753,ALM02234,Career Development,2025-02-28,,Completed,2,2025-09-01,3.0
MEN000204,ALM00499,ALM01663,Technical Skills,2025-03-15,2025-05-10,Active,2,2025-11-01,
MEN000205,ALM01830,ALM00637,Entrepreneurship,2025-07-16,2025-07-11,On Hold,1,2025-09-25,
MEN000206,ALM00973,ALM03357,Entrepreneurship,2024-12-09,,Active,4,2025-10-07,
MEN000207,ALM02952,ALM02329,Entrepreneurship,2025-08-05,,Active,2,2025-10-27,2.0
MEN000208,ALM02013,ALM02151,Networking,2025-10-22,,Completed,3,2025-10-31,2.0
MEN000209,ALM00648,ALM00936,Entrepreneurship,2025-05-28,,Completed,1,2025-10-09,4.0
MEN000210,ALM00678,ALM02904,Career Development,2025-05-03,2025-09-19,Active,1,2025-10-15,5.0
MEN000211,ALM01351,ALM03453,Academic Guidance,2024-08-21,,Active,4,2025-10-21,
MEN000212,ALM03119,ALM02163,Technical Skills,2025-07-20,2025-09-28,Active,3,2025-08-30,5.0
MEN000213,ALM01850,ALM02450,Leadership,2024-08-15,2025-09-10,Completed,4,2025-08-07,4.0
MEN000214,ALM00360,ALM02722,Academic Guidance,2024-07-01,2025-06-30,Active,1,2025-09-25,
MEN000215,ALM02375,ALM02709,Leadership,2024-12-21,,Active,1,2025-09-23,3.0
MEN000216,ALM03267,ALM01661,Technical Skills,2024-07-21,,Completed,2,2025-09-12,
MEN000217,ALM01218,ALM00675,Entrepreneurship,2025-04-28,2025-06-07,Active,3,2025-09-18,3.0
MEN000218,ALM00423,ALM02361,Professional Development,2025-02-11,2024-12-11,Active,4,2025-09-18,
MEN000219,ALM02459,ALM01018,Leadership,2025-10-10,2025-05-23,Active,3,2025-09-13,2.0
MEN000220,ALM00730,ALM00760,Entrepreneurship,2024-10-21,,Active,2,2025-09-16,3.0
MEN000221,ALM01305,ALM00038,Professional Development,2024-10-02,2025-02-18,Active,3,2025-08-24,4.0
MEN000222,ALM02870,ALM00493,Academic Guidance,2024-05-12,,Requested,3,2025-08-16,2.0
MEN000223,ALM02441,ALM00578,Technical Skills,2025-03-24,,Active,4,2025-08-06,4.0
MEN000224,ALM00904,ALM00383,Academic Guidance,2024-11-20,,Completed,1,2025-09-28,
MEN000225,ALM01045,ALM01996,Academic Guidance,2024-06-01,2025-10-21,Completed,3,2025-08-25,3.0
MEN000226,ALM01477,ALM02679,Career Development,2025-08-21,2025-05-16,On Hold,4,2025-08-29,5.0
MEN000227,ALM00702,ALM03009,Technical Skills,2024-10-18,,Requested,1,2025-08-18,2.0
MEN000228,ALM00769,ALM03403,Academic Guidance,2025-02-23,,Completed,4,2025-08-22,5.0
MEN000229,ALM02785,ALM02441,Technical Skills,2025-04-11,,Completed,2,2025-09-20,2.0
MEN000230,ALM01373,ALM00216,Networking,2024-12-09,,Active,2,2025-09-30,3.0
MEN000231,ALM00625,ALM02161,Networking,2025-03-02,,Active,2,2025-09-07,
MEN000232,ALM02665,ALM00151,Leadership,2025-03-10,,Active,2,2025-08-18,5.0
MEN000233,ALM02640,ALM00663,Networking,2024-05-26,,On Hold,1,2025-10-02,2.0
MEN000234,ALM02044,ALM02078,Academic Guidance,2025-05-04,2025-07-01,Active,2,2025-08-25,3.0
MEN000235,ALM02272,ALM02079,Professional Development,2025-06-29,2025-05-27,Active,1,2025-10-18,
MEN000236,ALM03332,ALM02777,Leadership,2025-02-05,,Active,4,2025-10-10,
MEN000237,ALM00641,ALM02635,Entrepreneurship,2025-08-26,2025-03-07,Completed,3,2025-10-14,
MEN000238,ALM01167,ALM03327,Leadership,2025-07-03,2024-12-23,Completed,3,2025-08-11,
MEN000239,ALM00670,ALM00591,Entrepreneurship,2025-01-14,,Completed,1,2025-08-18,3.0
MEN000240,ALM01544,ALM01500,Networking,2025-02-21,,On Hold,3,2025-10-02,
MEN000241,ALM02765,ALM00841,Leadership,2024-09-29,,Active,4,2025-08-26,5.0
MEN000242,ALM01356,ALM02304,Technical Skills,2024-10-28,,On Hold,4,2025-08-07,2.0
MEN000243,ALM00956,ALM00232,Entrepreneurship,2024-07-12,2025-10-29,Active,4,2025-09-05,5.0
MEN000244,ALM00082,ALM02051,Leadership,2025-01-09,2025-05-11,Active,2,2025-10-19,2.0
MEN000245,ALM00502,ALM01613,Networking,2024-11-28,,Requested,2,2025-09-01,
MEN000246,ALM01903,ALM01278,Professional Development,2025-04-22,,Completed,3,2025-08-05,
MEN000247,ALM01304,ALM03096,Academic Guidance,2025-05-20,2025-03-12,Active,3,2025-09-23,5.0
MEN000248,ALM02511,ALM02473,Academic Guidance,2025-08-05,2025-03-27,Completed,3,2025-08-31,3.0
MEN000249,ALM01087,ALM01313,Professional Development,2024-10-04,,Requested,2,2025-10-07,5.0
MEN000250,ALM01569,ALM01460,Professional Development,2024-10-19,,On Hold,2,2025-09-14,5.0
MEN000251,ALM03051,ALM01397,Technical Skills,2025-06-05,2025-02-12,Active,3,2025-08-30,4.0
MEN000252,ALM00623,ALM00350,Professional Development,2024-08-16,,Active,2,2025-08-18,
MEN000253,ALM00082,ALM00330,Professional Development,2025-04-09,,On Hold,1,2025-08-09,5.0
MEN000254,ALM01232,ALM02017,Technical Skills,2025-01-16,2025-04-03,Active,2,2025-08-27,2.0
MEN000255,ALM01467,ALM01063,Leadership,2025-04-26,2025-01-01,Active,3,2025-08-26,1.0
MEN000256,ALM02444,ALM02791,Networking,2024-07-15,2025-10-12,Active,1,2025-08-30,1.0
MEN000257,ALM01862,ALM00504,Academic Guidance,2025-01-18,2024-11-08,Active,2,2025-08-13,4.0
MEN000258,ALM01932,ALM03370,Professional Development,2025-04-24,2025-09-09,Completed,2,2025-10-09,
MEN000259,ALM03165,ALM00160,Networking,2025-03-01,2025-10-17,Active,3,2025-08-31,
MEN000260,ALM00662,ALM02809,Academic Guidance,2025-05-26,2025-01-07,Completed,1,2025-09-04,
MEN000261,ALM01258,ALM02253,Leadership,2024-09-04,2025-09-19,On Hold,1,2025-08-07,2.0
MEN000262,ALM01926,ALM01999,Career Development,2024-08-12,2025-10-16,Active,1,2025-09-15,1.0
MEN000263,ALM00313,ALM00234,Entrepreneurship,2024-09-20,,Completed,4,2025-08-25,2.0
MEN000264,ALM02794,ALM03004,Career Development,2025-07-13,,Active,3,2025-10-02,2.0
MEN000265,ALM02142,ALM03138,Academic Guidance,2025-03-03,,Active,2,2025-10-13,
MEN000266,ALM00029,ALM01477,Academic Guidance,2024-11-12,,On Hold,3,2025-09-19,
MEN000267,ALM01605,ALM00201,Technical Skills,2025-08-02,2025-05-04,On Hold,3,2025-09-29,4.0
MEN000268,ALM00074,ALM00946,Career Development,2025-09-24,2025-06-29,Completed,3,2025-08-15,
MEN000269,ALM02428,ALM02176,Career Development,2024-09-18,2025-07-05,Active,4,2025-08-05,5.0
MEN000270,ALM00668,ALM01963,Entrepreneurship,2024-10-29,,On Hold,3,2025-09-13,3.0
MEN000271,ALM00899,ALM03035,Leadership,2025-07-25,2025-10-26,Completed,1,2025-09-11,
MEN000272,ALM01223,ALM03063,Networking,2025-10-13,,Completed,1,2025-09-28,
MEN000273,ALM02893,ALM02700,Networking,2024-10-08,2025-10-18,Active,4,2025-10-20,5.0
MEN000274,ALM01471,ALM00863,Networking,2025-06-23,,Active,3,2025-10-04,
MEN000275,ALM02674,ALM01740,Leadership,2025-10-09,2025-10-23,Active,2,2025-08-05,5.0
MEN000276,ALM00676,ALM01341,Leadership,2025-10-06,2025-08-31,Completed,4,2025-10-25,2.0
MEN000277,ALM01192,ALM01705,Entrepreneurship,2024-07-05,,Requested,3,2025-10-03,
MEN000278,ALM00647,ALM02811,Technical Skills,2025-02-13,,Requested,3,2025-09-10,2.0
MEN000279,ALM03422,ALM00618,Leadership,2024-06-27,2025-08-20,Active,1,2025-08-10,
MEN000280,ALM03438,ALM01109,Professional Development,2024-11-19,,On Hold,1,2025-10-13,4.0
MEN000281,ALM02600,ALM00527,Leadership,2024-09-24,,Active,4,2025-09-15,4.0
MEN000282,ALM01157,ALM01518,Entrepreneurship,2024-09-30,,Active,3,2025-09-13,
MEN000283,ALM02630,ALM01887,Professional Development,2025-07-05,,On Hold,4,2025-10-19,3.0
MEN000284,ALM02205,ALM01098,Technical Skills,2025-05-11,,Requested,2,2025-08-09,1.0
MEN000285,ALM01039,ALM00808,Career Development,2025-04-17,,Active,3,2025-08-31,1.0
MEN000286,ALM00643,ALM03078,Leadership,2025-01-07,2025-06-15,Requested,4,2025-09-08,2.0
MEN000287,ALM01954,ALM01637,Career Development,2025-06-04,,Active,2,2025-08-04,2.0
MEN000288,ALM00585,ALM03329,Professional Development,2024-09-13,,Active,1,2025-09-29,2.0
MEN000289,ALM03446,ALM01705,Academic Guidance,2025-01-10,,Requested,4,2025-08-05,4.0
MEN000290,ALM03074,ALM03312,Entrepreneurship,2024-05-23,2025-04-15,Active,4,2025-09-28,
MEN000291,ALM03304,ALM00546,Academic Guidance,2024-05-17,2024-11-12,Requested,3,2025-10-23,
MEN000292,ALM03260,ALM03173,Leadership,2025-09-15,,Completed,2,2025-08-10,2.0
MEN000293,ALM01098,ALM01587,Networking,2024-12-23,2025-08-07,Active,3,2025-08-13,3.0
MEN000294,ALM00984,ALM00430,Leadership,2025-05-28,,Active,4,2025-10-09,3.0
MEN000295,ALM03204,ALM02688,Technical Skills,2024-10-15,2025-04-11,On Hold,4,2025-08-12,5.0
MEN000296,ALM03496,ALM03336,Academic Guidance,2025-04-18,,On Hold,1,2025-08-06,
MEN000297,ALM02297,ALM02078,Career Development,2025-05-23,2025-06-30,Completed,1,2025-08-10,2.0
MEN000298,ALM01330,ALM02466,Networking,2024-09-12,2025-04-18,Active,2,2025-09-07,
MEN000299,ALM00200,ALM03220,Technical Skills,2024-07-09,,Completed,1,2025-09-26,5.0
MEN000300,ALM02112,ALM02899,Entrepreneurship,2024-05-25,2024-12-28,Active,3,2025-09-29,
MEN000301,ALM02525,ALM00412,Technical Skills,2025-03-20,,Completed,1,2025-09-09,
MEN000302,ALM02621,ALM02308,Networking,2025-08-23,2025-08-08,Completed,2,2025-10-03,5.0
MEN000303,ALM02299,ALM00647,Entrepreneurship,2025-10-10,,On Hold,3,2025-09-03,
MEN000304,ALM00751,ALM00652,Leadership,2025-04-12,,Completed,4,2025-10-02,4.0
MEN000305,ALM02994,ALM03072,Academic Guidance,2025-02-09,2025-10-04,Completed,4,2025-09-14,4.0
MEN000306,ALM03192,ALM02072,Technical Skills,2024-08-30,,Active,3,2025-08-09,3.0
MEN000307,ALM02368,ALM01333,Technical Skills,2024-06-03,2024-11-05,Active,2,2025-09-10,2.0
MEN000308,ALM01645,ALM01059,Academic Guidance,2024-07-31,,Active,4,2025-08-31,5.0
MEN000309,ALM02466,ALM02503,Entrepreneurship,2024-05-29,,Active,1,2025-09-27,2.0
MEN000310,ALM01290,ALM01459,Entrepreneurship,2024-07-11,,Active,3,2025-10-27,
MEN000311,ALM00384,ALM02795,Entrepreneurship,2024-07-17,,On Hold,2,2025-09-18,5.0
MEN000312,ALM02310,ALM03113,Career Development,2025-04-26,,On Hold,3,2025-08-12,3.0
MEN000313,ALM02540,ALM00612,Academic Guidance,2024-12-22,,Active,1,2025-08-21,1.0
MEN000314,ALM02836,ALM02377,Academic Guidance,2025-07-30,,Active,4,2025-08-19,2.0
MEN000315,ALM01331,ALM01209,Technical Skills,2025-04-27,,Requested,2,2025-09-06,1.0
MEN000316,ALM02289,ALM00593,Leadership,2025-10-06,,Active,4,2025-10-01,1.0
MEN000317,ALM00638,ALM02466,Career Development,2024-06-01,,Active,4,2025-09-17,1.0
MEN000318,ALM03007,ALM00958,Leadership,2024-06-28,,Completed,1,2025-08-20,2.0
MEN000319,ALM02506,ALM01115,Entrepreneurship,2025-02-14,,Active,2,2025-10-01,3.0
MEN000320,ALM02954,ALM01480,Career Development,2024-12-24,2025-06-17,Completed,2,2025-09-19,3.0
MEN000321,ALM03490,ALM00445,Entrepreneurship,2025-08-27,2024-11-02,Active,1,2025-10-23,2.0
MEN000322,ALM00448,ALM00304,Professional Development,2025-06-16,2025-04-04,Active,3,2025-08-11,
MEN000323,ALM02001,ALM03443,Entrepreneurship,2024-08-07,2025-09-20,Requested,1,2025-09-12,
MEN000324,ALM00036,ALM03309,Leadership,2024-11-24,2025-03-13,Completed,4,2025-08-10,
MEN000325,ALM01858,ALM02883,Entrepreneurship,2025-01-14,,Active,1,2025-08-11,5.0
MEN000326,ALM01088,ALM01542,Technical Skills,2024-07-19,,Requested,3,2025-09-02,
MEN000327,ALM02415,ALM00828,Professional Development,2025-06-20,,Requested,2,2025-08-16,5.0
MEN000328,ALM03293,ALM00512,Academic Guidance,2025-01-24,2025-05-17,Active,3,2025-09-11,2.0
MEN000329,ALM02991,ALM01578,Academic Guidance,2024-10-18,2024-12-04,On Hold,2,2025-11-01,4.0
MEN000330,ALM02430,ALM00474,Networking,2024-11-07,,Active,1,2025-10-18,
MEN000331,ALM00731,ALM01118,Entrepreneurship,2025-01-16,,Active,1,2025-10-15,5.0
MEN000332,ALM00862,ALM03358,Career Development,2024-08-12,2025-09-01,Completed,3,2025-09-28,5.0
MEN000333,ALM00918,ALM02095,Leadership,2024-08-13,2025-06-26,Active,1,2025-10-24,5.0
MEN000334,ALM03191,ALM02451,Technical Skills,2024-10-20,2025-04-11,Requested,4,2025-09-17,5.0
MEN000335,ALM02236,ALM02336,Professional Development,2024-06-04,,Active,2,2025-10-30,3.0
MEN000336,ALM00587,ALM01394,Entrepreneurship,2024-06-11,2025-06-19,Completed,2,2025-09-03,5.0
MEN000337,ALM03234,ALM03271,Academic Guidance,2025-03-12,2025-10-07,Active,3,2025-09-12,5.0
MEN000338,ALM00754,ALM01892,Academic Guidance,2024-08-23,2025-04-14,Active,2,2025-08-09,3.0
MEN000339,ALM01519,ALM01744,Networking,2025-04-30,,Active,2,2025-10-20,
MEN000340,ALM03260,ALM02988,Academic Guidance,2025-01-26,2025-07-07,Completed,3,2025-10-31,5.0
MEN000341,ALM01050,ALM00535,Academic Guidance,2025-03-14,,Active,1,2025-09-16,5.0
MEN000342,ALM02123,ALM00303,Entrepreneurship,2024-10-10,2024-11-27,Active,3,2025-08-21,
MEN000343,ALM00048,ALM02257,Networking,2024-12-18,,Active,4,2025-09-14,
MEN000344,ALM01970,ALM03399,Career Development,2025-03-24,,Completed,4,2025-08-30,
MEN000345,ALM01143,ALM03144,Leadership,2024-08-16,,Active,2,2025-10-01,3.0
MEN000346,ALM00274,ALM02743,Leadership,2025-04-07,,Completed,1,2025-08-14,3.0
MEN000347,ALM01709,ALM01518,Networking,2025-08-30,,Completed,1,2025-10-23,5.0
MEN000348,ALM00681,ALM00951,Career Development,2025-10-22,,Active,1,2025-09-27,
MEN000349,ALM03203,ALM02115,Academic Guidance,2025-03-28,,On Hold,4,2025-10-24,1.0
MEN000350,ALM01391,ALM02258,Career Development,2024-05-18,2025-03-19,Active,4,2025-09-25,5.0
MEN000351,ALM01932,ALM01739,Networking,2024-09-04,,Active,4,2025-10-23,
MEN000352,ALM03337,ALM03056,Entrepreneurship,2024-09-22,,Active,2,2025-09-28,
MEN000353,ALM02377,ALM00561,Academic Guidance,2025-02-14,,Active,3,2025-08-22,4.0
MEN000354,ALM00493,ALM00346,Technical Skills,2025-04-28,,Active,3,2025-09-02,
MEN000355,ALM02384,ALM00990,Leadership,2024-12-03,,Active,3,2025-10-28,
MEN000356,ALM02149,ALM02973,Entrepreneurship,2025-05-05,,Active,4,2025-10-01,3.0
MEN000357,ALM01900,ALM03165,Technical Skills,2024-05-22,,Requested,1,2025-10-22,3.0
MEN000358,ALM01334,ALM02545,Leadership,2025-07-29,2025-04-12,On Hold,3,2025-09-23,
MEN000359,ALM02205,ALM03220,Technical Skills,2025-01-30,2025-06-06,Active,3,2025-09-01,3.0
MEN000360,ALM00099,ALM01055,Entrepreneurship,2024-06-21,2025-05-24,Completed,4,2025-09-09,2.0
MEN000361,ALM03305,ALM01247,Leadership,2025-08-23,2025-03-27,Active,4,2025-08-04,
MEN000362,ALM00215,ALM02671,Technical Skills,2025-04-27,2025-03-20,Active,1,2025-09-06,
MEN000363,ALM00725,ALM01518,Professional Development,2025-07-10,,Active,1,2025-09-24,
MEN000364,ALM00271,ALM00477,Networking,2024-12-19,,Active,3,2025-08-12,3.0
MEN000365,ALM01251,ALM02795,Entrepreneurship,2025-06-29,,Completed,4,2025-08-31,
MEN000366,ALM02772,ALM00515,Career Development,2024-07-12,2025-09-25,On Hold,3,2025-08-16,3.0
MEN000367,ALM00775,ALM00201,Entrepreneurship,2025-05-28,2025-04-23,Active,2,2025-08-23,
MEN000368,ALM01980,ALM01645,Technical Skills,2024-06-24,2025-08-15,Requested,2,2025-10-06,3.0
MEN000369,ALM01021,ALM02420,Networking,2025-09-14,,On Hold,4,2025-09-26,4.0
MEN000370,ALM03053,ALM01320,Career Development,2025-04-13,2025-07-19,Completed,1,2025-08-07,
MEN000371,ALM02809,ALM00007,Technical Skills,2024-10-31,,Active,4,2025-08-20,5.0
MEN000372,ALM00515,ALM02788,Academic Guidance,2024-12-14,,Completed,4,2025-10-02,5.0
MEN000373,ALM00710,ALM00582,Entrepreneurship,2024-06-14,2025-05-15,Active,2,2025-08-27,3.0
MEN000374,ALM03191,ALM02962,Networking,2025-05-16,,Active,2,2025-10-06,
MEN000375,ALM00649,ALM00455,Academic Guidance,2025-03-29,,Completed,2,2025-09-27,1.0
MEN000376,ALM02746,ALM02352,Networking,2025-09-03,2025-07-05,Completed,3,2025-10-04,1.0
MEN000377,ALM01649,ALM00253,Professional Development,2024-05-22,,Active,2,2025-09-15,3.0
MEN000378,ALM02240,ALM01954,Academic Guidance,2025-09-23,2025-05-06,Active,1,2025-10-11,4.0
MEN000379,ALM01439,ALM01487,Networking,2025-07-25,,Active,4,2025-10-25,3.0
MEN000380,ALM00072,ALM03185,Networking,2025-03-31,,On Hold,1,2025-10-06,4.0
MEN000381,ALM02275,ALM00024,Entrepreneurship,2025-07-23,,Completed,3,2025-08-09,
MEN000382,ALM01159,ALM00952,Networking,2025-01-23,2024-11-19,Requested,3,2025-10-07,4.0
MEN000383,ALM00077,ALM01133,Networking,2025-03-19,2024-12-04,Active,1,2025-10-21,5.0
MEN000384,ALM01331,ALM01418,Networking,2025-04-11,,Active,3,2025-09-08,
MEN000385,ALM03421,ALM00623,Technical Skills,2024-05-14,,Requested,1,2025-08-29,2.0
MEN000386,ALM00674,ALM00022,Professional Development,2025-07-04,,Completed,2,2025-09-09,1.0
MEN000387,ALM02768,ALM02527,Leadership,2024-09-29,2025-03-10,Active,4,2025-10-14,
MEN000388,ALM02815,ALM02755,Entrepreneurship,2024-06-15,,Active,3,2025-09-11,5.0
MEN000389,ALM01868,ALM01464,Technical Skills,2025-05-29,2024-12-04,Requested,1,2025-08-27,5.0
MEN000390,ALM02975,ALM01032,Technical Skills,2024-11-06,2025-06-19,On Hold,3,2025-09-24,5.0
MEN000391,ALM00076,ALM03065,Technical Skills,2024-10-06,2025-09-09,Active,3,2025-10-02,4.0
MEN000392,ALM00333,ALM01959,Networking,2025-01-09,2025-08-25,Active,4,2025-08-17,
MEN000393,ALM02049,ALM00508,Technical Skills,2024-11-11,,Active,1,2025-08-11,1.0
MEN000394,ALM00952,ALM01800,Technical Skills,2025-02-22,2025-09-02,Completed,4,2025-10-18,
MEN000395,ALM03233,ALM01279,Professional Development,2025-05-19,2025-07-28,Completed,4,2025-10-01,3.0
MEN000396,ALM00169,ALM03492,Networking,2024-11-16,,On Hold,3,2025-09-05,1.0
MEN000397,ALM00178,ALM03237,Career Development,2024-09-05,2025-02-19,Active,3,2025-10-27,
MEN000398,ALM02069,ALM03012,Academic Guidance,2025-07-08,,Active,4,2025-08-09,1.0
MEN000399,ALM00063,ALM00966,Professional Development,2025-01-14,2025-05-06,Requested,3,2025-10-26,2.0
MEN000400,ALM00920,ALM02458,Academic Guidance,2025-07-14,,Active,2,2025-09-13,
MEN000401,ALM01341,ALM01393,Professional Development,2024-07-23,,On Hold,4,2025-09-08,
MEN000402,ALM00125,ALM00164,Leadership,2025-07-07,2024-12-27,Completed,1,2025-10-20,2.0
MEN000403,ALM01400,ALM02512,Technical Skills,2025-10-21,2025-04-08,Completed,2,2025-09-01,3.0
MEN000404,ALM01440,ALM01555,Professional Development,2025-01-14,2025-01-04,Active,2,2025-10-10,
MEN000405,ALM02374,ALM03064,Entrepreneurship,2025-01-03,,Active,1,2025-09-17,
MEN000406,ALM02138,ALM01810,Leadership,2024-06-23,,Completed,4,2025-10-25,3.0
MEN000407,ALM03466,ALM01013,Networking,2025-03-27,2025-02-26,Active,1,2025-08-18,4.0
MEN000408,ALM03093,ALM01891,Career Development,2024-10-03,,Completed,4,2025-10-24,1.0
MEN000409,ALM02372,ALM02027,Career Development,2025-01-06,,Active,3,2025-09-14,5.0
MEN000410,ALM03349,ALM01624,Technical Skills,2024-07-29,2025-08-19,Completed,4,2025-10-25,
MEN000411,ALM01980,ALM02600,Career Development,2025-07-28,,Active,2,2025-08-23,3.0
MEN000412,ALM02829,ALM02913,Leadership,2025-06-29,,Completed,4,2025-09-22,5.0
MEN000413,ALM03103,ALM03291,Career Development,2025-01-14,,Active,1,2025-10-11,2.0
MEN000414,ALM00415,ALM01410,Networking,2025-04-19,,Active,2,2025-10-13,1.0
MEN000415,ALM00917,ALM02208,Professional Development,2025-02-23,,Requested,2,2025-10-03,4.0
MEN000416,ALM02921,ALM03181,Career Development,2024-08-19,,Active,3,2025-09-18,1.0
MEN000417,ALM00683,ALM01950,Technical Skills,2025-10-17,2025-07-22,Completed,2,2025-09-02,
MEN000418,ALM02204,ALM01073,Networking,2025-10-14,,Completed,3,2025-08-04,4.0
MEN000419,ALM00780,ALM00848,Career Development,2024-08-27,,Active,3,2025-08-12,1.0
MEN000420,ALM01096,ALM02096,Technical Skills,2025-07-25,,Active,3,2025-09-15,3.0
MEN000421,ALM02078,ALM00579,Professional Development,2024-07-30,2025-07-06,Active,3,2025-08-11,1.0
MEN000422,ALM02449,ALM01901,Academic Guidance,2025-04-22,,Completed,4,2025-10-05,
MEN000423,ALM01494,ALM01086,Networking,2025-09-20,2025-07-17,On Hold,4,2025-10-11,5.0
MEN000424,ALM01845,ALM03103,Technical Skills,2025-08-10,2025-05-23,Active,1,2025-10-16,5.0
MEN000425,ALM02327,ALM00988,Entrepreneurship,2024-08-14,2025-07-24,Active,2,2025-10-11,2.0
MEN000426,ALM00340,ALM01488,Networking,2024-10-25,2025-03-08,Completed,2,2025-09-06,
MEN000427,ALM01454,ALM01571,Professional Development,2025-06-13,2024-11-28,Active,4,2025-08-28,3.0
MEN000428,ALM02554,ALM03477,Networking,2025-06-23,,Active,1,2025-08-30,4.0
MEN000429,ALM02853,ALM00937,Career Development,2024-05-25,2025-03-01,Active,4,2025-10-24,3.0
MEN000430,ALM02269,ALM02360,Professional Development,2024-10-07,2025-07-03,On Hold,4,2025-09-08,4.0
MEN000431,ALM01376,ALM03197,Leadership,2024-09-30,,Completed,4,2025-09-27,1.0
MEN000432,ALM00585,ALM02650,Career Development,2025-08-26,,Active,2,2025-09-19,
MEN000433,ALM03204,ALM00743,Leadership,2025-08-28,,Completed,3,2025-08-14,5.0
MEN000434,ALM00483,ALM02553,Career Development,2025-03-06,2025-01-08,Requested,1,2025-09-06,
MEN000435,ALM00238,ALM00891,Technical Skills,2024-08-24,2025-08-17,Completed,2,2025-10-15,3.0
MEN000436,ALM02676,ALM02312,Professional Development,2024-07-24,2025-10-31,Active,2,2025-08-29,4.0
MEN000437,ALM02061,ALM02454,Professional Development,2025-08-02,,Completed,2,2025-08-18,1.0
MEN000438,ALM01423,ALM03271,Academic Guidance,2025-05-06,2025-02-08,Active,1,2025-10-09,2.0
MEN000439,ALM01092,ALM03220,Professional Development,2024-06-16,2025-07-04,Active,2,2025-10-20,
MEN000440,ALM01588,ALM03464,Career Development,2025-06-23,2024-12-04,Active,4,2025-10-02,1.0
MEN000441,ALM02144,ALM03099,Professional Development,2024-09-28,,Active,4,2025-08-27,5.0
MEN000442,ALM01988,ALM02807,Professional Development,2024-10-05,2025-07-21,Requested,2,2025-08-30,2.0
MEN000443,ALM02455,ALM02733,Career Development,2024-11-10,2025-09-16,Active,1,2025-10-13,1.0
MEN000444,ALM02964,ALM02114,Academic Guidance,2025-03-25,,Active,4,2025-10-11,4.0
MEN000445,ALM02952,ALM00406,Leadership,2024-12-19,,Active,4,2025-08-31,3.0
MEN000446,ALM02897,ALM00068,Career Development,2024-09-01,2025-07-19,Active,3,2025-09-06,5.0
MEN000447,ALM02375,ALM02459,Academic Guidance,2025-05-21,,On Hold,4,2025-10-31,
MEN000448,ALM03021,ALM00381,Networking,2025-09-07,,On Hold,1,2025-08-12,2.0
MEN000449,ALM03077,ALM02000,Leadership,2025-01-02,,Active,3,2025-10-25,5.0
MEN000450,ALM01073,ALM01058,Academic Guidance,2024-10-05,,On Hold,1,2025-10-18,3.0
MEN000451,ALM00373,ALM00981,Networking,2024-11-30,,Completed,2,2025-10-11,2.0
MEN000452,ALM02707,ALM02052,Networking,2025-03-30,,Completed,3,2025-10-13,4.0
MEN000453,ALM02781,ALM02047,Professional Development,2024-10-01,,Completed,1,2025-10-28,1.0
MEN000454,ALM00049,ALM02608,Career Development,2025-02-19,,On Hold,1,2025-10-26,
MEN000455,ALM00208,ALM03281,Leadership,2024-08-07,,Completed,1,2025-08-20,
MEN000456,ALM02246,ALM00536,Academic Guidance,2025-04-16,,Active,3,2025-10-23,1.0
MEN000457,ALM00677,ALM02361,Technical Skills,2025-06-10,2025-01-13,On Hold,2,2025-10-17,
MEN000458,ALM03436,ALM01479,Leadership,2025-01-18,,On Hold,2,2025-08-25,2.0
MEN000459,ALM03463,ALM02214,Technical Skills,2024-12-18,2025-09-03,Active,1,2025-09-19,
MEN000460,ALM01271,ALM00917,Professional Development,2025-07-07,,Active,3,2025-08-29,2.0
MEN000461,ALM00826,ALM01813,Technical Skills,2025-01-19,,Active,1,2025-10-01,
MEN000462,ALM02313,ALM01931,Networking,2025-02-09,,On Hold,1,2025-08-25,3.0
MEN000463,ALM01084,ALM02097,Entrepreneurship,2025-01-14,2025-04-15,Completed,4,2025-08-31,
MEN000464,ALM02125,ALM01510,Entrepreneurship,2024-06-09,,Requested,2,2025-09-23,3.0
MEN000465,ALM02206,ALM01352,Technical Skills,2024-08-12,2025-02-08,Completed,1,2025-09-04,5.0
MEN000466,ALM01577,ALM02416,Leadership,2025-08-09,2025-06-27,On Hold,4,2025-10-13,
MEN000467,ALM02879,ALM01971,Academic Guidance,2024-10-10,,Completed,2,2025-08-28,
MEN000468,ALM01640,ALM02643,Academic Guidance,2024-07-22,,Active,3,2025-08-17,4.0
MEN000469,ALM03497,ALM01659,Technical Skills,2024-11-06,,Requested,1,2025-10-05,4.0
MEN000470,ALM01493,ALM01012,Networking,2025-03-26,,Active,4,2025-10-12,3.0
MEN000471,ALM03159,ALM01797,Leadership,2025-07-19,,Active,2,2025-09-17,
MEN000472,ALM02868,ALM01444,Technical Skills,2025-02-25,2025-08-21,Active,2,2025-08-27,4.0
MEN000473,ALM02477,ALM01702,Networking,2024-06-09,,Active,2,2025-09-08,
MEN000474,ALM02412,ALM01300,Entrepreneurship,2025-03-03,2025-01-15,Active,1,2025-10-13,
MEN000475,ALM02992,ALM02122,Entrepreneurship,2025-06-27,,Requested,4,2025-09-01,2.0
MEN000476,ALM03045,ALM00417,Entrepreneurship,2024-06-15,2025-04-15,Requested,4,2025-08-05,3.0
MEN000477,ALM01978,ALM02266,Professional Development,2025-09-29,,Completed,2,2025-09-04,5.0
MEN000478,ALM01435,ALM01986,Technical Skills,2025-09-11,2025-07-19,Active,1,2025-10-14,
MEN000479,ALM00544,ALM01215,Professional Development,2025-01-21,,Active,1,2025-09-29,
MEN000480,ALM00020,ALM02533,Academic Guidance,2024-08-12,,Completed,4,2025-08-27,
MEN000481,ALM02650,ALM00171,Leadership,2024-06-28,,Active,4,2025-08-27,
MEN000482,ALM00770,ALM03222,Leadership,2025-08-19,2025-09-30,Completed,4,2025-09-26,
MEN000483,ALM01078,ALM00444,Leadership,2025-09-01,2025-07-03,Active,4,2025-08-15,4.0
MEN000484,ALM03258,ALM01712,Academic Guidance,2025-01-04,,Active,4,2025-08-13,
MEN000485,ALM01760,ALM02669,Entrepreneurship,2024-09-10,,Active,4,2025-10-12,3.0
MEN000486,ALM01654,ALM00153,Entrepreneurship,2025-04-22,,Active,2,2025-08-13,
MEN000487,ALM00550,ALM00676,Entrepreneurship,2025-09-19,,Completed,1,2025-08-19,3.0
MEN000488,ALM00048,ALM00580,Technical Skills,2024-08-04,,Active,1,2025-08-10,
MEN000489,ALM01703,ALM01691,Career Development,2024-11-21,,Active,1,2025-08-27,4.0
MEN000490,ALM00918,ALM02384,Networking,2025-08-03,,Active,3,2025-08-25,
MEN000491,ALM00620,ALM02271,Entrepreneurship,2025-02-04,,Active,2,2025-10-30,
MEN000492,ALM02114,ALM01882,Technical Skills,2025-09-02,,Active,1,2025-09-26,4.0
MEN000493,ALM02237,ALM00181,Leadership,2024-10-31,2025-09-10,Requested,3,2025-10-29,1.0
MEN000494,ALM01899,ALM00283,Academic Guidance,2024-09-27,,On Hold,2,2025-10-05,4.0
MEN000495,ALM00473,ALM03404,Networking,2024-10-27,2025-08-01,Requested,2,2025-08-27,1.0
MEN000496,ALM01591,ALM03298,Professional Development,2025-04-24,2024-11-17,Active,4,2025-10-28,1.0
MEN000497,ALM01593,ALM02289,Leadership,2024-06-25,2025-01-05,Active,3,2025-10-17,2.0
MEN000498,ALM01580,ALM00613,Professional Development,2025-05-10,2025-06-12,On Hold,2,2025-09-26,
MEN000499,ALM00220,ALM00583,Career Development,2025-01-21,,Completed,3,2025-08-14,2.0
MEN000500,ALM02682,ALM01612,Networking,2024-11-22,,Active,3,2025-09-17,3.0
MEN000501,ALM02115,ALM02902,Technical Skills,2025-05-05,2024-11-13,On Hold,3,2025-09-23,
MEN000502,ALM02872,ALM01051,Academic Guidance,2025-08-16,,Completed,3,2025-10-06,5.0
MEN000503,ALM02294,ALM01048,Entrepreneurship,2025-10-12,,Completed,4,2025-10-18,
MEN000504,ALM00269,ALM00418,Professional Development,2025-02-26,2024-11-25,Active,4,2025-10-09,1.0
MEN000505,ALM00946,ALM02050,Networking,2024-08-09,,Completed,4,2025-09-10,5.0
MEN000506,ALM00545,ALM00358,Career Development,2024-11-12,,Completed,4,2025-10-19,3.0
MEN000507,ALM00061,ALM01965,Entrepreneurship,2024-12-15,2025-07-16,Active,4,2025-09-10,3.0
MEN000508,ALM01396,ALM03350,Leadership,2025-06-30,,Active,4,2025-09-09,3.0
MEN000509,ALM01138,ALM01044,Technical Skills,2025-10-26,,Requested,3,2025-09-30,5.0
MEN000510,ALM01014,ALM01102,Career Development,2025-07-08,2024-11-02,Active,4,2025-08-27,2.0
MEN000511,ALM01735,ALM01913,Entrepreneurship,2025-06-01,,Completed,2,2025-09-07,1.0
MEN000512,ALM02023,ALM02836,Academic Guidance,2024-06-11,2025-02-14,Active,2,2025-09-25,4.0
MEN000513,ALM00633,ALM03267,Networking,2025-01-08,2025-06-19,On Hold,4,2025-10-15,
MEN000514,ALM03224,ALM01424,Leadership,2025-07-29,,Completed,3,2025-10-22,5.0
MEN000515,ALM03014,ALM00512,Career Development,2024-11-16,,Completed,4,2025-09-24,4.0
MEN000516,ALM02295,ALM01914,Career Development,2024-05-24,2025-08-25,Completed,3,2025-10-18,
MEN000517,ALM00004,ALM01068,Academic Guidance,2025-09-07,2025-10-15,Active,2,2025-09-18,
MEN000518,ALM03342,ALM02556,Technical Skills,2024-05-11,,Active,4,2025-10-20,
MEN000519,ALM00690,ALM02931,Technical Skills,2025-05-03,,Active,1,2025-08-17,4.0
MEN000520,ALM00441,ALM02358,Entrepreneurship,2024-07-06,,On Hold,2,2025-10-12,
MEN000521,ALM00980,ALM03061,Entrepreneurship,2024-11-10,2025-05-07,Completed,1,2025-09-17,2.0
MEN000522,ALM03487,ALM00823,Leadership,2025-04-11,,Active,3,2025-09-17,5.0
MEN000523,ALM00447,ALM00854,Entrepreneurship,2024-09-21,,On Hold,3,2025-09-24,2.0
MEN000524,ALM01229,ALM01949,Entrepreneurship,2025-06-18,,Active,3,2025-10-21,1.0
MEN000525,ALM02023,ALM00473,Technical Skills,2024-10-24,,Completed,2,2025-09-12,1.0
MEN000526,ALM01666,ALM02155,Academic Guidance,2025-05-10,2025-02-24,Active,4,2025-10-25,
MEN000527,ALM01125,ALM02737,Entrepreneurship,2024-06-17,2025-04-04,Active,1,2025-09-21,2.0
MEN000528,ALM01556,ALM02730,Technical Skills,2024-12-11,2025-06-22,Active,2,2025-10-26,2.0
MEN000529,ALM01764,ALM00051,Technical Skills,2024-07-15,,Active,4,2025-09-01,5.0
MEN000530,ALM00427,ALM02864,Leadership,2025-07-18,2025-05-05,Active,2,2025-10-11,4.0
MEN000531,ALM03125,ALM02941,Leadership,2025-05-09,,Active,2,2025-08-10,
MEN000532,ALM03009,ALM02760,Leadership,2024-12-04,2025-02-17,Completed,4,2025-10-14,3.0
MEN000533,ALM02808,ALM01273,Career Development,2024-06-10,,Active,1,2025-10-25,5.0
MEN000534,ALM01694,ALM01967,Entrepreneurship,2025-06-03,,Active,2,2025-10-12,5.0
MEN000535,ALM01011,ALM00916,Networking,2024-07-11,,Completed,3,2025-08-23,3.0
MEN000536,ALM03257,ALM02115,Entrepreneurship,2025-05-12,,Active,1,2025-10-19,3.0
MEN000537,ALM00011,ALM02405,Entrepreneurship,2025-10-31,,Active,2,2025-09-21,2.0
MEN000538,ALM02816,ALM02960,Leadership,2025-06-11,,On Hold,4,2025-10-05,
MEN000539,ALM00595,ALM00206,Technical Skills,2024-09-21,2025-07-09,Active,1,2025-08-13,2.0
MEN000540,ALM02164,ALM01265,Leadership,2025-05-19,,Requested,1,2025-08-14,
MEN000541,ALM01763,ALM01119,Leadership,2024-07-08,2025-06-09,On Hold,2,2025-10-11,1.0
MEN000542,ALM01095,ALM01017,Entrepreneurship,2024-11-25,2025-02-05,Completed,1,2025-09-20,3.0
MEN000543,ALM00743,ALM01377,Professional Development,2025-04-07,2025-09-10,On Hold,1,2025-08-11,2.0
MEN000544,ALM01526,ALM00185,Entrepreneurship,2024-07-05,,Completed,4,2025-09-14,
MEN000545,ALM00109,ALM01893,Professional Development,2024-05-18,2025-10-18,Active,1,2025-09-04,3.0
MEN000546,ALM00565,ALM00115,Entrepreneurship,2025-07-07,,Completed,4,2025-10-04,
MEN000547,ALM02975,ALM01992,Leadership,2024-07-01,,On Hold,2,2025-10-17,
MEN000548,ALM02278,ALM03047,Networking,2025-06-11,,On Hold,4,2025-09-19,
MEN000549,ALM01423,ALM01918,Leadership,2024-07-26,2024-11-17,Active,2,2025-10-13,
MEN000550,ALM02211,ALM01441,Leadership,2024-10-14,,On Hold,1,2025-10-13,2.0
MEN000551,ALM00878,ALM02060,Entrepreneurship,2025-10-08,,Active,1,2025-09-24,
MEN000552,ALM01722,ALM00160,Entrepreneurship,2024-08-04,2025-08-11,Active,4,2025-08-07,5.0
MEN000553,ALM01990,ALM00336,Leadership,2025-02-11,2024-12-17,On Hold,4,2025-08-19,
MEN000554,ALM01716,ALM00414,Networking,2024-10-13,2025-06-30,Completed,2,2025-09-02,
MEN000555,ALM00352,ALM03393,Academic Guidance,2024-11-29,,Active,4,2025-10-03,4.0
MEN000556,ALM00499,ALM00825,Leadership,2024-10-03,,Active,2,2025-10-20,2.0
MEN000557,ALM02454,ALM02137,Entrepreneurship,2025-01-28,,Active,2,2025-09-09,3.0
MEN000558,ALM03274,ALM00837,Professional Development,2024-09-02,,Active,4,2025-10-20,3.0
MEN000559,ALM03155,ALM01860,Technical Skills,2025-03-30,2025-05-29,Requested,4,2025-10-19,1.0
MEN000560,ALM01346,ALM00977,Professional Development,2024-12-25,2025-10-02,Active,1,2025-10-19,3.0
MEN000561,ALM02961,ALM03456,Leadership,2024-09-17,2025-08-30,Active,1,2025-09-28,4.0
MEN000562,ALM00772,ALM01672,Technical Skills,2025-02-19,,Active,2,2025-10-03,2.0
MEN000563,ALM00750,ALM01821,Technical Skills,2025-09-18,2024-12-14,Active,2,2025-10-27,3.0
MEN000564,ALM00293,ALM03369,Academic Guidance,2025-03-19,,Active,2,2025-10-26,
MEN000565,ALM01313,ALM00888,Networking,2025-07-24,,Completed,2,2025-09-28,1.0
MEN000566,ALM02934,ALM01862,Professional Development,2025-01-23,,Active,3,2025-09-20,
MEN000567,ALM00285,ALM03376,Networking,2025-03-29,2025-01-05,Requested,4,2025-09-30,4.0
MEN000568,ALM01701,ALM01877,Technical Skills,2024-12-23,,Active,2,2025-09-17,
MEN000569,ALM01905,ALM00167,Career Development,2025-10-18,2025-02-10,Completed,4,2025-09-01,1.0
MEN000570,ALM01401,ALM00794,Leadership,2025-08-11,2025-04-28,Requested,3,2025-09-21,
MEN000571,ALM00227,ALM02262,Entrepreneurship,2025-05-19,2025-06-18,Active,2,2025-08-05,5.0
MEN000572,ALM00960,ALM02783,Leadership,2025-04-26,2025-03-23,Completed,4,2025-08-29,1.0
MEN000573,ALM03227,ALM01427,Career Development,2024-09-22,,Completed,3,2025-10-17,3.0
MEN000574,ALM00990,ALM00475,Academic Guidance,2024-07-08,,Completed,2,2025-10-08,
MEN000575,ALM01765,ALM01530,Technical Skills,2025-01-18,,Active,3,2025-08-07,2.0
MEN000576,ALM00061,ALM01810,Professional Development,2024-05-29,2025-10-28,Active,3,2025-10-05,
MEN000577,ALM01444,ALM00569,Entrepreneurship,2025-05-04,,Active,3,2025-09-17,1.0
MEN000578,ALM01617,ALM03447,Networking,2025-05-24,,Active,2,2025-09-07,3.0
MEN000579,ALM02632,ALM02008,Career Development,2025-08-31,,Completed,1,2025-08-30,1.0
MEN000580,ALM02480,ALM02715,Academic Guidance,2025-10-26,2025-10-15,Completed,2,2025-09-07,
MEN000581,ALM03436,ALM03442,Networking,2025-07-20,,Active,3,2025-08-30,3.0
MEN000582,ALM03019,ALM01392,Technical Skills,2025-10-30,,Requested,1,2025-10-10,5.0
MEN000583,ALM01607,ALM02559,Academic Guidance,2024-11-17,,Active,3,2025-09-21,
MEN000584,ALM03166,ALM00645,Technical Skills,2025-09-24,2025-01-20,Active,3,2025-08-28,
MEN000585,ALM03067,ALM00545,Professional Development,2025-01-28,2025-01-11,Completed,2,2025-10-22,
MEN000586,ALM02322,ALM01983,Academic Guidance,2025-02-20,2025-06-21,Active,2,2025-08-07,3.0
MEN000587,ALM02451,ALM01228,Technical Skills,2025-07-13,2025-01-26,Active,1,2025-09-29,1.0
MEN000588,ALM03198,ALM02180,Professional Development,2025-01-10,,On Hold,2,2025-10-18,2.0
MEN000589,ALM01924,ALM00517,Academic Guidance,2025-01-05,2025-03-17,On Hold,3,2025-09-27,5.0
MEN000590,ALM02689,ALM01538,Professional Development,2025-09-10,,Active,2,2025-10-24,4.0
MEN000591,ALM00519,ALM00173,Career Development,2025-01-09,,Active,2,2025-08-13,4.0
MEN000592,ALM00275,ALM00410,Networking,2025-08-26,2025-11-01,Active,2,2025-08-09,5.0
MEN000593,ALM02410,ALM00018,Networking,2025-06-20,,On Hold,4,2025-10-02,
MEN000594,ALM02031,ALM01688,Professional Development,2025-09-29,2025-05-03,Active,2,2025-08-30,5.0
MEN000595,ALM01427,ALM01819,Technical Skills,2025-06-29,,Active,1,2025-09-15,3.0
MEN000596,ALM00360,ALM00062,Technical Skills,2025-09-26,,Active,1,2025-09-12,4.0
MEN000597,ALM00115,ALM02036,Networking,2024-06-15,,Active,2,2025-10-30,
MEN000598,ALM02276,ALM02551,Leadership,2024-05-13,,Completed,2,2025-08-19,
MEN000599,ALM01864,ALM00021,Leadership,2025-03-01,2025-09-30,Active,2,2025-09-06,1.0
MEN000600,ALM01648,ALM00354,Networking,2025-06-11,2024-11-22,Requested,3,2025-10-22,
MEN000601,ALM01863,ALM03433,Entrepreneurship,2025-08-13,2025-04-23,Active,4,2025-09-07,2.0
MEN000602,ALM02510,ALM00898,Networking,2025-01-16,,Active,4,2025-08-27,
MEN000603,ALM01923,ALM00831,Entrepreneurship,2025-08-01,,Active,2,2025-09-04,2.0
MEN000604,ALM00869,ALM02006,Career Development,2024-10-21,,Active,2,2025-08-28,3.0
MEN000605,ALM00645,ALM03070,Entrepreneurship,2024-05-29,,Active,1,2025-09-03,
MEN000606,ALM01058,ALM01342,Networking,2024-09-14,2025-04-06,Active,4,2025-10-03,5.0
MEN000607,ALM01335,ALM01115,Entrepreneurship,2024-12-20,2025-10-09,Completed,3,2025-10-10,4.0
MEN000608,ALM01464,ALM02807,Academic Guidance,2025-08-30,,Completed,3,2025-10-09,3.0
MEN000609,ALM00187,ALM01125,Career Development,2025-01-25,,Active,2,2025-10-25,1.0
MEN000610,ALM03103,ALM03112,Networking,2025-05-28,,Active,1,2025-10-29,1.0
MEN000611,ALM01278,ALM00053,Career Development,2025-06-30,2024-11-02,Requested,4,2025-10-03,
MEN000612,ALM03046,ALM00201,Networking,2024-11-09,2024-12-07,Requested,1,2025-08-21,3.0
MEN000613,ALM02956,ALM00077,Technical Skills,2024-10-02,,Requested,2,2025-08-24,3.0
MEN000614,ALM01986,ALM00868,Technical Skills,2025-10-12,2025-04-12,Completed,2,2025-09-17,1.0
MEN000615,ALM01498,ALM01397,Networking,2024-08-17,2025-08-14,Active,3,2025-09-06,
MEN000616,ALM03160,ALM00232,Career Development,2024-10-29,2025-10-29,Active,1,2025-10-24,3.0
MEN000617,ALM01078,ALM02122,Leadership,2025-04-08,,Active,3,2025-09-05,
MEN000618,ALM00703,ALM02148,Career Development,2024-07-02,,Active,2,2025-08-24,
MEN000619,ALM01510,ALM01984,Entrepreneurship,2025-08-08,2025-01-15,On Hold,1,2025-08-21,4.0
MEN000620,ALM03015,ALM02272,Academic Guidance,2025-05-31,2025-04-09,Completed,3,2025-10-02,
MEN000621,ALM01153,ALM00476,Leadership,2025-04-19,,Active,2,2025-09-16,2.0
MEN000622,ALM01004,ALM01843,Career Development,2025-08-10,2025-07-25,Completed,4,2025-10-28,2.0
MEN000623,ALM02441,ALM03440,Technical Skills,2025-01-17,2025-03-25,Active,2,2025-09-12,3.0
MEN000624,ALM02885,ALM00464,Professional Development,2025-04-29,,Completed,1,2025-09-01,4.0
MEN000625,ALM01071,ALM00730,Professional Development,2025-05-18,,Active,4,2025-08-16,2.0
MEN000626,ALM01171,ALM00494,Career Development,2025-07-10,2025-07-16,On Hold,2,2025-10-12,4.0
MEN000627,ALM01610,ALM00245,Technical Skills,2024-12-21,,Completed,1,2025-09-10,3.0
MEN000628,ALM01347,ALM02354,Entrepreneurship,2025-01-09,,Active,1,2025-08-21,
MEN000629,ALM02883,ALM01827,Technical Skills,2025-07-03,2025-08-01,Completed,1,2025-10-19,
MEN000630,ALM01946,ALM02131,Technical Skills,2024-05-16,2025-01-24,On Hold,1,2025-10-27,3.0
MEN000631,ALM00896,ALM02522,Academic Guidance,2024-09-27,2025-03-26,Active,2,2025-10-09,5.0
MEN000632,ALM00740,ALM03052,Entrepreneurship,2025-05-23,,Active,3,2025-09-30,4.0
MEN000633,ALM02202,ALM00673,Professional Development,2025-01-03,2024-12-21,Completed,1,2025-10-08,3.0
MEN000634,ALM00389,ALM01198,Professional Development,2025-07-19,2025-04-08,Active,3,2025-10-31,4.0
MEN000635,ALM02182,ALM00208,Technical Skills,2024-08-20,,Completed,2,2025-09-07,3.0
MEN000636,ALM00711,ALM00831,Career Development,2025-01-26,,Active,4,2025-08-08,
MEN000637,ALM00930,ALM01757,Career Development,2024-12-14,2025-10-15,On Hold,1,2025-10-13,2.0
MEN000638,ALM02229,ALM01997,Entrepreneurship,2024-09-26,2025-10-07,Requested,2,2025-10-08,
MEN000639,ALM02953,ALM03077,Networking,2024-12-10,2024-12-20,Active,1,2025-10-21,5.0
MEN000640,ALM00493,ALM00719,Networking,2025-02-15,,Active,3,2025-08-05,2.0
MEN000641,ALM02041,ALM02469,Networking,2025-02-04,2025-04-18,On Hold,4,2025-09-15,
MEN000642,ALM02116,ALM03166,Leadership,2025-09-16,,Active,1,2025-08-17,
MEN000643,ALM02499,ALM02067,Professional Development,2025-06-27,,On Hold,2,2025-09-14,
MEN000644,ALM01648,ALM01498,Entrepreneurship,2025-03-15,2025-08-23,Active,3,2025-08-20,
MEN000645,ALM03269,ALM02156,Entrepreneurship,2024-11-04,,Completed,4,2025-10-20,
MEN000646,ALM01637,ALM02046,Technical Skills,2024-08-08,2025-02-03,Active,4,2025-08-26,4.0
MEN000647,ALM01299,ALM00447,Leadership,2025-08-10,2025-05-06,On Hold,4,2025-09-04,
MEN000648,ALM02099,ALM01012,Entrepreneurship,2024-12-08,,Requested,2,2025-10-15,2.0
MEN000649,ALM03398,ALM01324,Leadership,2025-02-12,2025-08-16,Active,4,2025-08-16,2.0
MEN000650,ALM02180,ALM03367,Technical Skills,2024-12-05,2025-06-22,Active,1,2025-10-27,1.0
MEN000651,ALM02114,ALM01363,Professional Development,2025-07-23,2025-05-08,Completed,1,2025-10-17,4.0
MEN000652,ALM00288,ALM00098,Career Development,2025-04-06,,On Hold,3,2025-10-18,3.0
MEN000653,ALM00028,ALM00395,Career Development,2024-08-15,,Active,4,2025-10-16,
MEN000654,ALM03070,ALM01707,Academic Guidance,2024-07-25,,Active,2,2025-10-30,
MEN000655,ALM01354,ALM02449,Leadership,2025-07-22,,On Hold,4,2025-08-31,3.0
MEN000656,ALM01703,ALM01315,Technical Skills,2025-08-09,,Active,1,2025-10-16,4.0
MEN000657,ALM01802,ALM01184,Leadership,2024-08-17,2025-03-28,Active,3,2025-10-21,5.0
MEN000658,ALM01926,ALM03216,Professional Development,2024-05-16,,Active,2,2025-08-17,5.0
MEN000659,ALM03097,ALM01829,Entrepreneurship,2024-12-02,2025-03-31,Completed,4,2025-10-22,
MEN000660,ALM01531,ALM02321,Networking,2024-05-27,2025-04-29,Completed,3,2025-08-05,
MEN000661,ALM02430,ALM00698,Leadership,2024-07-03,,Active,2,2025-10-12,5.0
MEN000662,ALM00776,ALM01572,Entrepreneurship,2025-05-19,2025-01-28,On Hold,1,2025-10-21,5.0
MEN000663,ALM02937,ALM00012,Leadership,2024-12-21,2025-10-30,Active,4,2025-08-05,3.0
MEN000664,ALM00756,ALM01278,Leadership,2024-06-08,,Active,1,2025-09-11,4.0
MEN000665,ALM01555,ALM00412,Networking,2024-10-01,,Completed,1,2025-08-30,3.0
MEN000666,ALM02937,ALM01644,Career Development,2025-10-28,2025-03-13,Active,2,2025-08-29,2.0
MEN000667,ALM03083,ALM03255,Entrepreneurship,2024-11-03,,On Hold,1,2025-08-16,5.0
MEN000668,ALM02891,ALM00743,Career Development,2024-07-10,,Active,3,2025-09-07,
MEN000669,ALM01548,ALM00991,Networking,2025-04-17,2024-12-11,Active,4,2025-10-17,5.0
MEN000670,ALM01024,ALM02285,Networking,2024-10-19,2025-08-08,Active,1,2025-10-08,
MEN000671,ALM00351,ALM02987,Entrepreneurship,2025-01-04,2025-08-31,On Hold,4,2025-09-08,2.0
MEN000672,ALM03318,ALM02218,Academic Guidance,2025-08-16,,Active,4,2025-08-30,2.0
MEN000673,ALM01751,ALM02650,Academic Guidance,2025-02-13,,Active,3,2025-09-30,1.0
MEN000674,ALM00358,ALM01397,Networking,2025-06-16,,Requested,4,2025-10-05,1.0
MEN000675,ALM02811,ALM01318,Technical Skills,2025-02-11,2025-04-13,On Hold,2,2025-09-05,
MEN000676,ALM01931,ALM01194,Networking,2024-07-24,,Active,1,2025-10-03,
MEN000677,ALM01587,ALM01471,Career Development,2024-05-20,2025-04-21,Completed,1,2025-09-02,2.0
MEN000678,ALM01753,ALM02457,Professional Development,2025-02-15,2025-07-28,Active,1,2025-08-29,2.0
MEN000679,ALM02822,ALM00093,Entrepreneurship,2024-11-15,2024-11-19,Active,3,2025-10-19,
MEN000680,ALM03200,ALM02133,Career Development,2024-06-22,2024-11-12,Active,4,2025-08-09,1.0
MEN000681,ALM03000,ALM01458,Networking,2024-10-18,,Active,2,2025-10-21,4.0
MEN000682,ALM02466,ALM00251,Leadership,2025-06-16,,Completed,4,2025-08-23,4.0
MEN000683,ALM00596,ALM02328,Professional Development,2025-07-08,2025-07-07,On Hold,3,2025-08-17,1.0
MEN000684,ALM00595,ALM01376,Leadership,2024-05-11,2025-05-01,Active,4,2025-09-07,2.0
MEN000685,ALM03464,ALM01868,Academic Guidance,2025-01-29,2025-05-13,Active,3,2025-09-02,4.0
MEN000686,ALM00505,ALM01285,Technical Skills,2024-05-31,,Completed,2,2025-09-01,1.0
MEN000687,ALM02641,ALM01879,Professional Development,2025-05-05,,Active,3,2025-09-11,
MEN000688,ALM01373,ALM00533,Professional Development,2025-06-03,,Completed,1,2025-08-26,2.0
MEN000689,ALM01854,ALM02764,Entrepreneurship,2025-06-08,,Active,4,2025-08-05,
MEN000690,ALM00029,ALM01921,Academic Guidance,2024-11-13,,Completed,2,2025-08-26,1.0
MEN000691,ALM00742,ALM01455,Leadership,2024-09-13,2025-09-24,Active,4,2025-08-11,5.0
MEN000692,ALM03257,ALM02224,Career Development,2025-01-02,,Requested,3,2025-10-10,
MEN000693,ALM01019,ALM00976,Technical Skills,2024-08-26,,Completed,3,2025-08-18,4.0
MEN000694,ALM01580,ALM02631,Leadership,2025-05-24,2025-06-09,On Hold,1,2025-08-25,
MEN000695,ALM01862,ALM02870,Networking,2024-07-16,2025-05-04,Completed,3,2025-08-11,1.0
MEN000696,ALM00641,ALM03067,Entrepreneurship,2025-10-24,2025-02-01,Active,1,2025-09-17,3.0
MEN000697,ALM01700,ALM03322,Academic Guidance,2025-05-16,,Active,1,2025-08-29,4.0
MEN000698,ALM03343,ALM01991,Technical Skills,2025-02-01,2025-02-28,On Hold,2,2025-10-10,1.0
MEN000699,ALM02257,ALM00572,Professional Development,2024-12-22,2025-01-03,Active,1,2025-10-13,
MEN000700,ALM02272,ALM00422,Professional Development,2025-02-10,,Active,3,2025-09-24,5.0
MEN000701,ALM01295,ALM00819,Entrepreneurship,2025-03-06,,Completed,2,2025-09-25,5.0
MEN000702,ALM00863,ALM01836,Professional Development,2024-10-02,,Active,2,2025-08-04,5.0
MEN000703,ALM02355,ALM01111,Academic Guidance,2025-10-25,2025-10-22,Requested,4,2025-09-10,
MEN000704,ALM01438,ALM02250,Entrepreneurship,2024-08-12,,Completed,4,2025-08-21,2.0
MEN000705,ALM03227,ALM01476,Professional Development,2025-05-01,,Active,1,2025-09-15,3.0
MEN000706,ALM02837,ALM00224,Professional Development,2024-09-25,,Active,3,2025-10-05,1.0
MEN000707,ALM01232,ALM02574,Entrepreneurship,2025-03-09,,On Hold,1,2025-09-27,5.0
MEN000708,ALM00327,ALM01075,Professional Development,2024-12-08,,Active,4,2025-10-05,4.0
MEN000709,ALM01549,ALM01403,Academic Guidance,2024-07-31,,Completed,3,2025-09-20,
MEN000710,ALM01036,ALM00362,Networking,2024-11-14,,Completed,2,2025-09-02,
MEN000711,ALM02541,ALM03378,Entrepreneurship,2024-07-25,2025-05-11,Requested,1,2025-10-10,3.0
MEN000712,ALM01391,ALM00437,Professional Development,2025-06-23,2024-11-20,On Hold,1,2025-08-18,
MEN000713,ALM02678,ALM00883,Career Development,2025-01-27,2025-08-21,Requested,1,2025-10-23,1.0
MEN000714,ALM02510,ALM01736,Entrepreneurship,2025-08-06,2025-02-08,Active,3,2025-10-03,
MEN000715,ALM03402,ALM00656,Technical Skills,2024-10-06,2024-11-03,On Hold,4,2025-10-28,1.0
MEN000716,ALM01649,ALM00325,Technical Skills,2025-07-02,,On Hold,3,2025-09-06,1.0
MEN000717,ALM01777,ALM00658,Networking,2025-05-11,2025-01-13,Active,2,2025-08-21,1.0
MEN000718,ALM03021,ALM00765,Career Development,2024-07-03,,Active,2,2025-10-23,3.0
MEN000719,ALM00433,ALM00030,Entrepreneurship,2025-10-08,,Requested,1,2025-09-02,1.0
MEN000720,ALM01070,ALM01552,Networking,2025-04-22,2025-07-16,Active,4,2025-09-23,
MEN000721,ALM01618,ALM02801,Professional Development,2024-12-11,2025-06-05,On Hold,2,2025-09-02,
MEN000722,ALM01506,ALM00768,Networking,2025-04-24,,Active,4,2025-10-06,4.0
MEN000723,ALM01674,ALM00526,Technical Skills,2025-02-02,,On Hold,4,2025-08-28,3.0
MEN000724,ALM01528,ALM01983,Networking,2025-03-12,,Completed,4,2025-09-04,3.0
MEN000725,ALM02780,ALM02513,Leadership,2024-11-13,,Active,2,2025-10-24,
MEN000726,ALM00737,ALM03483,Career Development,2024-07-15,,Active,4,2025-10-04,1.0
MEN000727,ALM00508,ALM01292,Academic Guidance,2025-10-29,2025-06-27,Active,3,2025-09-01,4.0
MEN000728,ALM00038,ALM00205,Career Development,2025-07-23,2024-11-17,Active,2,2025-08-26,2.0
MEN000729,ALM03323,ALM02044,Technical Skills,2024-12-15,2025-08-08,Completed,4,2025-08-08,
MEN000730,ALM00054,ALM00970,Professional Development,2024-10-22,,Active,2,2025-09-16,3.0
MEN000731,ALM02868,ALM02692,Networking,2024-08-22,,Active,2,2025-09-08,
MEN000732,ALM02724,ALM02776,Networking,2025-10-02,2025-07-05,Completed,4,2025-09-10,3.0
MEN000733,ALM00126,ALM02790,Professional Development,2024-10-12,,Active,3,2025-08-22,1.0
MEN000734,ALM02894,ALM00189,Networking,2024-10-19,,Active,2,2025-10-26,5.0
MEN000735,ALM00116,ALM00475,Career Development,2025-09-20,2025-02-23,Active,4,2025-09-21,3.0
MEN000736,ALM02076,ALM00641,Technical Skills,2024-09-10,2025-04-23,Active,2,2025-08-26,5.0
MEN000737,ALM03207,ALM02698,Leadership,2024-09-21,2025-10-22,Active,2,2025-08-20,5.0
MEN000738,ALM00606,ALM00548,Technical Skills,2025-01-20,2025-03-04,On Hold,4,2025-09-03,1.0
MEN000739,ALM01098,ALM01437,Professional Development,2024-09-02,,Active,1,2025-09-30,2.0
MEN000740,ALM01907,ALM02916,Technical Skills,2025-07-21,,On Hold,4,2025-08-10,1.0
MEN000741,ALM01334,ALM02761,Leadership,2024-10-17,2025-04-17,Completed,2,2025-09-22,1.0
MEN000742,ALM00167,ALM02081,Networking,2025-10-13,,Active,1,2025-08-08,2.0
MEN000743,ALM00994,ALM03002,Networking,2024-06-09,2025-07-27,Active,1,2025-09-02,
MEN000744,ALM00197,ALM00825,Career Development,2025-05-26,2024-12-18,Completed,2,2025-09-11,1.0
MEN000745,ALM03227,ALM00311,Academic Guidance,2025-10-13,2025-02-07,Active,3,2025-08-17,
MEN000746,ALM01844,ALM02718,Leadership,2025-01-29,2024-11-21,Active,2,2025-08-26,
MEN000747,ALM01846,ALM00794,Entrepreneurship,2025-07-13,,Requested,4,2025-08-15,
MEN000748,ALM00781,ALM01787,Networking,2024-08-10,,Active,1,2025-08-23,4.0
MEN000749,ALM02561,ALM00128,Networking,2025-10-03,,Completed,4,2025-10-31,5.0
MEN000750,ALM00271,ALM01737,Professional Development,2025-10-28,,Active,1,2025-08-17,2.0
MEN000751,ALM00711,ALM02480,Professional Development,2025-03-18,2025-01-30,Active,1,2025-09-17,
MEN000752,ALM02182,ALM00251,Technical Skills,2024-12-29,2025-04-20,Requested,1,2025-09-01,1.0
MEN000753,ALM02386,ALM00324,Networking,2025-02-03,2024-12-15,Completed,3,2025-08-22,1.0
MEN000754,ALM00401,ALM01561,Academic Guidance,2024-07-09,,On Hold,1,2025-09-18,5.0
MEN000755,ALM03014,ALM00245,Professional Development,2024-06-21,,Active,1,2025-10-30,5.0
MEN000756,ALM02617,ALM01301,Entrepreneurship,2024-12-10,2025-01-13,Active,3,2025-08-15,
MEN000757,ALM02703,ALM02332,Academic Guidance,2025-08-07,,On Hold,3,2025-08-29,1.0
MEN000758,ALM01499,ALM01290,Academic Guidance,2024-07-06,,Active,3,2025-09-21,
MEN000759,ALM02111,ALM02958,Career Development,2024-07-19,2025-11-01,Active,4,2025-10-30,
MEN000760,ALM00601,ALM01152,Professional Development,2025-02-21,,Completed,1,2025-09-04,5.0
MEN000761,ALM02377,ALM02419,Career Development,2024-07-31,,Active,4,2025-10-19,4.0
MEN000762,ALM01761,ALM00169,Technical Skills,2024-06-24,,Completed,3,2025-08-20,
MEN000763,ALM01123,ALM00002,Networking,2024-07-30,,Active,4,2025-10-13,3.0
MEN000764,ALM02231,ALM02138,Entrepreneurship,2024-10-19,,Active,1,2025-10-18,3.0
MEN000765,ALM00096,ALM00603,Technical Skills,2024-11-06,,Completed,3,2025-08-15,4.0
MEN000766,ALM00942,ALM02095,Academic Guidance,2024-10-20,2025-01-06,Completed,3,2025-10-25,3.0
MEN000767,ALM00831,ALM02664,Professional Development,2024-07-25,,Active,1,2025-09-19,4.0
MEN000768,ALM02994,ALM01717,Professional Development,2025-02-16,2025-04-09,Active,1,2025-09-10,2.0
MEN000769,ALM02273,ALM02974,Professional Development,2024-10-19,,Requested,3,2025-08-06,
MEN000770,ALM00756,ALM02972,Academic Guidance,2024-07-02,2025-01-06,Completed,1,2025-09-03,2.0
MEN000771,ALM02733,ALM02371,Technical Skills,2024-05-18,2025-08-27,On Hold,3,2025-10-26,5.0
MEN000772,ALM02171,ALM01544,Entrepreneurship,2025-05-03,,Active,1,2025-08-13,1.0
MEN000773,ALM02627,ALM00546,Networking,2024-06-21,2024-11-09,Active,2,2025-08-31,5.0
MEN000774,ALM00358,ALM02381,Technical Skills,2025-07-05,,Active,2,2025-08-05,5.0
MEN000775,ALM01536,ALM01176,Leadership,2025-10-14,,Completed,1,2025-10-06,2.0
MEN000776,ALM02975,ALM01223,Professional Development,2025-03-14,,Active,4,2025-10-24,5.0
MEN000777,ALM01335,ALM03038,Technical Skills,2025-03-17,,Active,4,2025-10-10,4.0
MEN000778,ALM02397,ALM00841,Professional Development,2025-08-24,2025-01-14,Active,1,2025-08-16,
MEN000779,ALM00864,ALM02866,Leadership,2025-01-19,,Requested,2,2025-10-17,5.0
MEN000780,ALM02316,ALM01993,Entrepreneurship,2025-10-15,2025-02-04,Completed,4,2025-10-06,2.0
MEN000781,ALM01922,ALM02174,Professional Development,2025-04-24,,Completed,2,2025-10-03,4.0
MEN000782,ALM02093,ALM00387,Professional Development,2024-06-13,2025-06-21,On Hold,2,2025-10-20,
MEN000783,ALM00487,ALM02063,Technical Skills,2025-06-02,,Completed,3,2025-08-16,1.0
MEN000784,ALM03064,ALM02248,Leadership,2024-07-10,,Active,2,2025-10-16,4.0
MEN000785,ALM00932,ALM02751,Entrepreneurship,2024-05-14,,Requested,1,2025-08-30,5.0
MEN000786,ALM02890,ALM02139,Technical Skills,2024-08-13,,Active,2,2025-10-29,2.0
MEN000787,ALM00231,ALM00950,Career Development,2024-11-30,2025-05-03,Completed,3,2025-10-27,3.0
MEN000788,ALM01582,ALM02228,Entrepreneurship,2025-05-30,2025-01-25,Requested,2,2025-10-17,2.0
MEN000789,ALM03269,ALM01588,Technical Skills,2025-06-16,,Active,3,2025-10-10,4.0
MEN000790,ALM01886,ALM03170,Academic Guidance,2025-09-23,2024-12-07,On Hold,4,2025-08-10,
MEN000791,ALM03049,ALM01407,Leadership,2024-06-30,2025-06-02,Completed,2,2025-10-27,1.0
MEN000792,ALM02168,ALM00043,Leadership,2025-06-19,,Requested,4,2025-08-16,1.0
MEN000793,ALM00952,ALM02292,Networking,2025-01-08,,Active,4,2025-08-16,
MEN000794,ALM01533,ALM03172,Technical Skills,2025-10-14,,On Hold,4,2025-09-17,2.0
MEN000795,ALM01757,ALM02868,Entrepreneurship,2025-06-28,,Active,3,2025-09-24,
MEN000796,ALM01359,ALM02091,Technical Skills,2025-02-07,2025-08-10,Requested,3,2025-09-11,3.0
MEN000797,ALM02647,ALM03438,Academic Guidance,2025-01-08,2025-04-13,Active,2,2025-08-26,5.0
MEN000798,ALM01284,ALM00416,Professional Development,2025-03-27,,Completed,2,2025-09-06,
MEN000799,ALM01753,ALM02962,Academic Guidance,2025-08-27,2025-06-19,Completed,2,2025-08-25,
MEN000800,ALM02143,ALM00520,Professional Development,2024-07-24,2025-04-12,On Hold,3,2025-09-04,
MEN000801,ALM01627,ALM01793,Academic Guidance,2025-04-08,2025-02-05,On Hold,2,2025-08-22,
MEN000802,ALM00928,ALM02319,Networking,2024-09-11,2025-09-18,Active,1,2025-08-25,
MEN000803,ALM02730,ALM00934,Academic Guidance,2025-02-22,,Completed,2,2025-08-09,1.0
MEN000804,ALM02309,ALM00707,Technical Skills,2024-06-12,,Active,4,2025-10-14,5.0
MEN000805,ALM00122,ALM02799,Technical Skills,2025-02-25,2025-01-16,Active,3,2025-09-20,1.0
MEN000806,ALM01719,ALM00414,Entrepreneurship,2024-09-12,,Completed,2,2025-09-08,
MEN000807,ALM01352,ALM01994,Career Development,2025-04-12,2024-12-19,Requested,1,2025-09-18,
MEN000808,ALM01551,ALM00061,Entrepreneurship,2025-09-06,2024-12-28,Completed,4,2025-10-21,1.0
MEN000809,ALM02312,ALM00968,Entrepreneurship,2025-01-28,,Active,3,2025-08-29,2.0
MEN000810,ALM00014,ALM01479,Entrepreneurship,2024-10-18,2025-02-25,Completed,4,2025-08-05,1.0
MEN000811,ALM03100,ALM01096,Technical Skills,2024-09-21,2025-02-08,On Hold,4,2025-10-14,5.0
MEN000812,ALM02649,ALM02772,Career Development,2024-07-10,2025-08-13,On Hold,3,2025-08-20,5.0
MEN000813,ALM00929,ALM02672,Technical Skills,2025-05-18,,Active,4,2025-09-01,
MEN000814,ALM02978,ALM02773,Networking,2025-01-02,2025-08-23,Active,4,2025-09-25,5.0
MEN000815,ALM02634,ALM01056,Academic Guidance,2025-08-05,2025-08-09,Active,2,2025-10-12,
MEN000816,ALM03015,ALM00066,Entrepreneurship,2025-08-03,,Active,2,2025-08-29,
MEN000817,ALM02548,ALM01608,Career Development,2024-06-13,,Completed,3,2025-09-24,5.0
MEN000818,ALM02304,ALM03418,Technical Skills,2025-07-29,2024-11-26,On Hold,4,2025-09-10,1.0
MEN000819,ALM02590,ALM02123,Technical Skills,2024-07-26,,Requested,2,2025-10-07,1.0
MEN000820,ALM02582,ALM02364,Entrepreneurship,2024-12-22,,Completed,1,2025-08-09,5.0
MEN000821,ALM02419,ALM02975,Professional Development,2025-10-06,,Active,2,2025-10-18,1.0
MEN000822,ALM01172,ALM02412,Networking,2025-07-15,,Completed,1,2025-08-08,1.0
MEN000823,ALM01412,ALM01241,Leadership,2024-06-26,,Active,4,2025-10-09,1.0
MEN000824,ALM02310,ALM01364,Entrepreneurship,2025-06-22,,Active,2,2025-08-24,
MEN000825,ALM02795,ALM02473,Leadership,2025-05-25,,Active,1,2025-09-21,5.0
MEN000826,ALM01355,ALM01633,Career Development,2024-05-14,,Active,1,2025-10-19,3.0
MEN000827,ALM00701,ALM01481,Career Development,2024-11-05,,Active,2,2025-10-07,1.0
MEN000828,ALM01224,ALM02001,Academic Guidance,2024-06-25,2025-01-27,Active,2,2025-09-16,4.0
MEN000829,ALM02065,ALM03162,Networking,2024-05-20,2025-02-11,Active,4,2025-10-03,
MEN000830,ALM02114,ALM00024,Technical Skills,2024-06-15,,Completed,4,2025-09-12,2.0
MEN000831,ALM00657,ALM00763,Entrepreneurship,2024-10-23,,Requested,2,2025-10-21,3.0
MEN000832,ALM02889,ALM03230,Technical Skills,2024-11-30,2024-11-13,Completed,3,2025-10-08,2.0
MEN000833,ALM00032,ALM00463,Entrepreneurship,2025-10-18,2025-04-06,Completed,2,2025-08-14,4.0
MEN000834,ALM01296,ALM00894,Career Development,2024-11-28,2025-01-08,Active,1,2025-10-08,1.0
MEN000835,ALM00646,ALM00126,Academic Guidance,2025-02-07,2025-01-03,On Hold,4,2025-08-08,4.0
MEN000836,ALM02441,ALM01724,Academic Guidance,2025-05-14,,On Hold,3,2025-09-07,1.0
MEN000837,ALM02815,ALM02810,Career Development,2024-09-23,,Completed,2,2025-10-03,
MEN000838,ALM02911,ALM00937,Networking,2025-03-11,,Completed,2,2025-10-23,3.0
MEN000839,ALM00222,ALM00575,Networking,2024-07-15,,Requested,2,2025-09-20,4.0
MEN000840,ALM02355,ALM01882,Leadership,2024-06-20,2025-04-26,On Hold,3,2025-10-31,3.0
MEN000841,ALM01631,ALM02732,Professional Development,2024-10-21,2025-04-22,Active,4,2025-10-17,1.0
MEN000842,ALM02929,ALM03326,Career Development,2025-06-12,,Active,4,2025-10-02,
MEN000843,ALM01383,ALM03332,Networking,2025-05-13,,Completed,1,2025-08-21,1.0
MEN000844,ALM03404,ALM02060,Entrepreneurship,2024-11-10,2024-11-27,Requested,1,2025-09-13,
MEN000845,ALM01894,ALM00112,Technical Skills,2024-12-06,,Requested,2,2025-10-27,
MEN000846,ALM01042,ALM03386,Career Development,2024-11-25,,On Hold,3,2025-08-15,
MEN000847,ALM01585,ALM01178,Leadership,2024-11-24,,Completed,3,2025-09-26,
MEN000848,ALM02133,ALM02912,Career Development,2025-10-15,,Active,3,2025-10-04,
MEN000849,ALM03221,ALM01296,Career Development,2025-06-14,2025-10-19,Active,3,2025-09-24,
MEN000850,ALM03440,ALM01268,Academic Guidance,2025-07-16,,Active,1,2025-09-10,
MEN000851,ALM03359,ALM03288,Technical Skills,2024-12-25,2025-10-15,Active,1,2025-08-14,4.0
MEN000852,ALM01935,ALM03216,Entrepreneurship,2025-01-02,2025-05-04,Completed,4,2025-08-30,4.0
MEN000853,ALM01385,ALM02250,Professional Development,2025-05-14,,Active,3,2025-09-28,
MEN000854,ALM02735,ALM01500,Academic Guidance,2025-06-20,,Completed,1,2025-08-06,
MEN000855,ALM00638,ALM03488,Academic Guidance,2025-01-19,2025-06-04,Requested,3,2025-09-27,2.0
MEN000856,ALM02746,ALM00943,Leadership,2025-08-03,,Active,4,2025-09-06,3.0
MEN000857,ALM00818,ALM02226,Technical Skills,2025-06-26,2025-06-16,On Hold,1,2025-10-14,4.0
MEN000858,ALM01978,ALM02624,Leadership,2025-03-09,,Active,4,2025-10-20,1.0
MEN000859,ALM00830,ALM02793,Leadership,2025-06-26,,Completed,4,2025-10-02,
MEN000860,ALM01496,ALM00321,Leadership,2024-06-17,,Completed,1,2025-08-04,
MEN000861,ALM00806,ALM03176,Leadership,2025-04-24,2025-05-18,Completed,1,2025-08-15,2.0
MEN000862,ALM02660,ALM00889,Professional Development,2025-04-17,,Requested,1,2025-10-12,
MEN000863,ALM00007,ALM00336,Networking,2024-10-15,2024-12-05,Active,2,2025-08-25,3.0
MEN000864,ALM00735,ALM00295,Professional Development,2025-05-16,2025-05-20,On Hold,1,2025-08-07,
MEN000865,ALM00573,ALM00408,Career Development,2024-11-03,,Active,2,2025-10-19,3.0
MEN000866,ALM00136,ALM03118,Career Development,2025-06-04,2025-02-01,Active,4,2025-10-04,1.0
MEN000867,ALM00259,ALM03492,Technical Skills,2024-06-04,,Completed,2,2025-08-15,1.0
MEN000868,ALM01806,ALM01682,Academic Guidance,2025-02-22,,Completed,4,2025-09-25,3.0
MEN000869,ALM01352,ALM02220,Leadership,2024-12-01,2025-06-07,Active,4,2025-08-23,
MEN000870,ALM02751,ALM02231,Leadership,2025-01-31,,Completed,2,2025-09-22,4.0
MEN000871,ALM03453,ALM02343,Entrepreneurship,2024-11-29,,Active,4,2025-10-18,5.0
MEN000872,ALM01147,ALM02070,Technical Skills,2025-05-21,,Requested,2,2025-08-26,2.0
MEN000873,ALM00017,ALM01146,Leadership,2024-10-07,,Active,3,2025-10-03,
MEN000874,ALM01042,ALM00678,Leadership,2024-07-11,,Requested,3,2025-08-20,5.0
MEN000875,ALM02446,ALM02749,Professional Development,2024-09-03,2025-01-08,Completed,1,2025-10-20,1.0
MEN000876,ALM01990,ALM01129,Career Development,2024-06-16,,Active,2,2025-08-13,
MEN000877,ALM00373,ALM01773,Career Development,2024-12-09,,Active,2,2025-08-31,1.0
MEN000878,ALM02145,ALM03323,Networking,2025-08-04,2025-06-14,Active,2,2025-10-24,1.0
MEN000879,ALM02911,ALM02281,Career Development,2025-08-31,,On Hold,1,2025-10-05,3.0
MEN000880,ALM00098,ALM02661,Professional Development,2024-12-01,2025-04-02,Requested,2,2025-08-30,3.0
MEN000881,ALM01465,ALM02760,Technical Skills,2025-01-03,2025-07-31,Active,1,2025-09-15,1.0
MEN000882,ALM02230,ALM00397,Professional Development,2025-09-13,,Requested,1,2025-10-30,5.0
MEN000883,ALM00991,ALM01796,Academic Guidance,2024-10-30,,Active,1,2025-08-26,
MEN000884,ALM00861,ALM01395,Networking,2025-05-19,,Completed,3,2025-08-17,1.0
MEN000885,ALM02591,ALM02207,Professional Development,2024-09-10,,Active,2,2025-08-25,3.0
MEN000886,ALM00648,ALM02854,Entrepreneurship,2025-04-10,,Active,3,2025-08-04,
MEN000887,ALM03462,ALM01425,Leadership,2025-07-13,,Requested,1,2025-08-06,2.0
MEN000888,ALM00784,ALM02218,Leadership,2025-02-06,,Active,2,2025-08-25,4.0
MEN000889,ALM02274,ALM01395,Entrepreneurship,2024-07-23,,Completed,2,2025-09-15,3.0
MEN000890,ALM01575,ALM01377,Academic Guidance,2024-09-27,,Active,1,2025-08-13,4.0
MEN000891,ALM01262,ALM01758,Academic Guidance,2024-08-14,2025-10-13,Completed,1,2025-10-29,3.0
MEN000892,ALM02520,ALM03304,Technical Skills,2025-06-27,2025-02-11,Active,2,2025-09-10,3.0
MEN000893,ALM02917,ALM01420,Career Development,2024-09-08,,Requested,2,2025-09-21,2.0
MEN000894,ALM00089,ALM00479,Technical Skills,2025-09-18,2025-05-22,Requested,2,2025-09-02,1.0
MEN000895,ALM00478,ALM00293,Career Development,2024-12-03,2025-09-29,Completed,1,2025-09-29,5.0
MEN000896,ALM03072,ALM01887,Career Development,2024-09-04,,On Hold,3,2025-09-13,
MEN000897,ALM02274,ALM01878,Career Development,2025-01-27,,On Hold,1,2025-08-25,5.0
MEN000898,ALM01498,ALM00939,Professional Development,2024-09-12,2025-05-19,Active,3,2025-08-26,5.0
MEN000899,ALM02729,ALM02435,Technical Skills,2025-10-21,2025-09-19,Requested,2,2025-08-15,2.0
MEN000900,ALM02480,ALM03154,Networking,2024-05-15,2025-02-08,Completed,4,2025-08-26,
MEN000901,ALM01239,ALM03463,Professional Development,2024-08-20,,Active,3,2025-09-24,4.0
MEN000902,ALM00034,ALM01224,Technical Skills,2025-09-29,2025-10-30,Active,3,2025-08-14,2.0
MEN000903,ALM02804,ALM02814,Networking,2025-07-16,2024-12-26,Active,2,2025-08-11,2.0
MEN000904,ALM01370,ALM03059,Entrepreneurship,2025-01-05,2024-12-19,Active,3,2025-08-22,
MEN000905,ALM00260,ALM01042,Professional Development,2025-04-15,,On Hold,3,2025-08-22,2.0
MEN000906,ALM01825,ALM02719,Leadership,2025-06-09,,On Hold,1,2025-08-19,4.0
MEN000907,ALM00135,ALM02332,Academic Guidance,2024-07-30,,Completed,2,2025-08-05,1.0
MEN000908,ALM02837,ALM00295,Entrepreneurship,2025-04-01,,Active,1,2025-09-02,
MEN000909,ALM01123,ALM00604,Networking,2025-09-30,,Active,4,2025-09-18,
MEN000910,ALM00164,ALM02267,Leadership,2025-08-11,,Completed,2,2025-09-28,5.0
MEN000911,ALM00037,ALM00430,Professional Development,2024-07-09,,Completed,4,2025-10-15,5.0
MEN000912,ALM01383,ALM02911,Leadership,2025-06-27,,On Hold,4,2025-08-25,2.0
MEN000913,ALM02174,ALM02784,Entrepreneurship,2024-11-23,,Active,2,2025-08-29,4.0
MEN000914,ALM02625,ALM00050,Technical Skills,2024-10-11,,On Hold,1,2025-08-15,4.0
MEN000915,ALM03403,ALM03438,Entrepreneurship,2025-09-18,,Active,1,2025-10-04,
MEN000916,ALM02296,ALM01583,Networking,2024-08-13,,Active,4,2025-10-22,1.0
MEN000917,ALM01831,ALM02875,Networking,2024-08-15,2025-03-31,Active,4,2025-08-24,
MEN000918,ALM00362,ALM02524,Entrepreneurship,2024-11-16,,Completed,2,2025-08-19,
MEN000919,ALM00497,ALM02731,Technical Skills,2025-02-21,2024-11-03,Requested,3,2025-10-06,
MEN000920,ALM00179,ALM02651,Networking,2025-08-07,,Active,1,2025-10-07,
MEN000921,ALM02619,ALM02509,Career Development,2024-07-20,,Completed,1,2025-09-28,
MEN000922,ALM01353,ALM03466,Entrepreneurship,2025-05-16,,Requested,3,2025-10-02,
MEN000923,ALM01028,ALM01207,Networking,2024-06-26,2025-06-02,On Hold,4,2025-10-26,2.0
MEN000924,ALM02614,ALM00471,Leadership,2025-04-26,2025-01-31,Active,3,2025-09-22,1.0
MEN000925,ALM00628,ALM02955,Professional Development,2025-04-08,2025-10-17,Completed,2,2025-10-10,
MEN000926,ALM01075,ALM00308,Entrepreneurship,2024-12-11,,Active,4,2025-10-27,5.0
MEN000927,ALM01804,ALM00339,Technical Skills,2024-08-19,,Completed,3,2025-10-24,3.0
MEN000928,ALM01872,ALM01858,Career Development,2024-08-11,,Completed,1,2025-08-18,
MEN000929,ALM02410,ALM03415,Entrepreneurship,2025-08-10,,Active,1,2025-08-28,2.0
MEN000930,ALM01061,ALM01337,Entrepreneurship,2024-10-01,,On Hold,1,2025-08-06,5.0
MEN000931,ALM02284,ALM02768,Leadership,2024-07-09,2024-12-18,Completed,2,2025-11-01,5.0
MEN000932,ALM02758,ALM02382,Academic Guidance,2025-06-18,,Completed,2,2025-09-11,4.0
MEN000933,ALM00156,ALM00052,Leadership,2025-08-03,,Active,2,2025-10-02,
MEN000934,ALM02424,ALM02964,Networking,2024-11-13,2025-09-10,Completed,4,2025-08-15,3.0
MEN000935,ALM00177,ALM00266,Technical Skills,2025-05-26,,Requested,3,2025-11-01,5.0
MEN000936,ALM03081,ALM02453,Career Development,2025-04-06,,Completed,1,2025-09-01,5.0
MEN000937,ALM01726,ALM02870,Professional Development,2024-08-31,2025-05-26,Completed,4,2025-09-05,5.0
MEN000938,ALM01646,ALM01515,Academic Guidance,2024-09-02,,Completed,4,2025-09-02,
MEN000939,ALM00118,ALM00541,Technical Skills,2024-11-19,,Completed,3,2025-09-10,3.0
MEN000940,ALM02918,ALM00668,Entrepreneurship,2025-07-09,2025-04-29,On Hold,1,2025-08-24,4.0
MEN000941,ALM00351,ALM01633,Technical Skills,2025-06-11,,On Hold,1,2025-10-29,4.0
MEN000942,ALM00785,ALM03383,Career Development,2025-06-28,2025-05-14,Active,3,2025-09-09,3.0
MEN000943,ALM02308,ALM02272,Academic Guidance,2024-09-12,,On Hold,4,2025-09-26,1.0
MEN000944,ALM00103,ALM00964,Academic Guidance,2025-06-27,2025-01-04,Completed,3,2025-09-12,1.0
MEN000945,ALM02597,ALM01544,Technical Skills,2025-10-22,,Active,4,2025-10-22,2.0
MEN000946,ALM00476,ALM00512,Career Development,2024-12-16,,On Hold,4,2025-10-29,1.0
MEN000947,ALM03167,ALM01867,Technical Skills,2024-09-13,,Completed,4,2025-09-22,4.0
MEN000948,ALM00674,ALM01188,Networking,2025-01-17,2025-05-21,On Hold,1,2025-08-19,1.0
MEN000949,ALM02521,ALM01058,Technical Skills,2024-08-30,2025-03-31,On Hold,2,2025-08-19,2.0
MEN000950,ALM02610,ALM01977,Career Development,2025-02-21,2025-04-28,Requested,3,2025-10-28,
